Array
(
    [0] =>     PID USER      PR  NI    VIRT    RES    SHR S  %CPU  %MEM     TIME+ COMMAND
    [1] =>       1 root      20   0   31956  12592   9648 S   0.0   0.7   0:02.51 systemd
    [2] =>       2 root      20   0       0      0      0 S   0.0   0.0   0:00.00 kthreadd
    [3] =>       3 root      20   0       0      0      0 S   0.0   0.0   0:00.00 pool_wo+
    [4] =>       4 root       0 -20       0      0      0 I   0.0   0.0   0:00.00 kworker+
    [5] =>       5 root       0 -20       0      0      0 I   0.0   0.0   0:00.00 kworker+
    [6] =>       6 root       0 -20       0      0      0 I   0.0   0.0   0:00.00 kworker+
    [7] =>       7 root       0 -20       0      0      0 I   0.0   0.0   0:00.00 kworker+
    [8] =>       9 root       0 -20       0      0      0 I   0.0   0.0   0:00.00 kworker+
    [9] =>      11 root      20   0       0      0      0 I   0.0   0.0   0:00.14 kworker+
    [10] =>      12 root       0 -20       0      0      0 I   0.0   0.0   0:00.00 kworker+
    [11] =>      13 root      20   0       0      0      0 I   0.0   0.0   0:00.00 rcu_tas+
    [12] =>      14 root      20   0       0      0      0 I   0.0   0.0   0:00.00 rcu_tas+
    [13] =>      15 root      20   0       0      0      0 I   0.0   0.0   0:00.00 rcu_tas+
    [14] =>      16 root      20   0       0      0      0 S   0.0   0.0   0:00.25 ksoftir+
    [15] =>      17 root      20   0       0      0      0 I   0.0   0.0   0:01.13 rcu_pre+
    [16] =>      18 root      rt   0       0      0      0 S   0.0   0.0   0:00.01 migrati+
    [17] =>      19 root      20   0       0      0      0 S   0.0   0.0   0:00.00 cpuhp/0
    [18] =>      20 root      20   0       0      0      0 S   0.0   0.0   0:00.00 cpuhp/1
    [19] =>      21 root      rt   0       0      0      0 S   0.0   0.0   0:00.04 migrati+
    [20] =>      22 root      20   0       0      0      0 S   0.0   0.0   0:00.25 ksoftir+
    [21] =>      24 root       0 -20       0      0      0 I   0.0   0.0   0:00.00 kworker+
    [22] =>      25 root      20   0       0      0      0 S   0.0   0.0   0:00.00 kdevtmp+
    [23] =>      26 root       0 -20       0      0      0 I   0.0   0.0   0:00.00 kworker+
    [24] =>      27 root      20   0       0      0      0 S   0.0   0.0   0:00.00 kauditd
    [25] =>      29 root      20   0       0      0      0 S   0.0   0.0   0:00.00 khungta+
    [26] =>      30 root      20   0       0      0      0 S   0.0   0.0   0:00.00 oom_rea+
    [27] =>      32 root       0 -20       0      0      0 I   0.0   0.0   0:00.00 kworker+
    [28] =>      33 root      20   0       0      0      0 S   0.0   0.0   0:00.71 kcompac+
    [29] =>      34 root      25   5       0      0      0 S   0.0   0.0   0:00.00 ksmd
    [30] =>      35 root      39  19       0      0      0 S   0.0   0.0   0:00.12 khugepa+
    [31] =>      36 root       0 -20       0      0      0 I   0.0   0.0   0:00.00 kworker+
    [32] =>      37 root       0 -20       0      0      0 I   0.0   0.0   0:00.00 kworker+
    [33] =>      38 root       0 -20       0      0      0 I   0.0   0.0   0:00.00 kworker+
    [34] =>      39 root       0 -20       0      0      0 I   0.0   0.0   0:00.00 kworker+
    [35] =>      40 root       0 -20       0      0      0 I   0.0   0.0   0:00.00 kworker+
    [36] =>      41 root       0 -20       0      0      0 I   0.0   0.0   0:00.00 kworker+
    [37] =>      42 root       0 -20       0      0      0 I   0.0   0.0   0:00.00 kworker+
    [38] =>      43 root       0 -20       0      0      0 I   0.0   0.0   0:00.00 kworker+
    [39] =>      44 root       0 -20       0      0      0 I   0.0   0.0   0:00.00 kworker+
    [40] =>      45 root     -51   0       0      0      0 S   0.0   0.0   0:00.00 watchdo+
    [41] =>      46 root       0 -20       0      0      0 I   0.0   0.0   0:00.07 kworker+
    [42] =>      47 root      20   0       0      0      0 I   0.0   0.0   0:00.27 kworker+
    [43] =>      48 root      20   0       0      0      0 S   0.0   0.0   0:00.61 kswapd0
    [44] =>      49 root       0 -20       0      0      0 I   0.0   0.0   0:00.00 kworker+
    [45] =>      50 root       0 -20       0      0      0 I   0.0   0.0   0:00.00 kworker+
    [46] =>      51 root       0 -20       0      0      0 I   0.0   0.0   0:00.00 kworker+
    [47] =>      52 root       0 -20       0      0      0 I   0.0   0.0   0:00.00 kworker+
    [48] =>      53 root       0 -20       0      0      0 I   0.0   0.0   0:00.00 kworker+
    [49] =>      54 root       0 -20       0      0      0 I   0.0   0.0   0:00.12 kworker+
    [50] =>      55 root       0 -20       0      0      0 I   0.0   0.0   0:00.00 kworker+
    [51] =>      56 root       0 -20       0      0      0 I   0.0   0.0   0:00.00 kworker+
    [52] =>      57 root       0 -20       0      0      0 I   0.0   0.0   0:00.00 kworker+
    [53] =>      58 root       0 -20       0      0      0 I   0.0   0.0   0:00.00 kworker+
    [54] =>      59 root       0 -20       0      0      0 I   0.0   0.0   0:00.00 kworker+
    [55] =>      60 root       0 -20       0      0      0 I   0.0   0.0   0:00.00 kworker+
    [56] =>      61 root      20   0       0      0      0 S   0.0   0.0   0:00.00 scsi_eh+
    [57] =>      62 root       0 -20       0      0      0 I   0.0   0.0   0:00.00 kworker+
    [58] =>      63 root      20   0       0      0      0 S   0.0   0.0   0:00.00 scsi_eh+
    [59] =>      64 root       0 -20       0      0      0 I   0.0   0.0   0:00.00 kworker+
    [60] =>      68 root       0 -20       0      0      0 I   0.0   0.0   0:00.00 kworker+
    [61] =>      69 root       0 -20       0      0      0 I   0.0   0.0   0:00.00 kworker+
    [62] =>      70 root       0 -20       0      0      0 I   0.0   0.0   0:00.00 kworker+
    [63] =>      71 root      20   0       0      0      0 I   0.0   0.0   0:00.13 kworker+
    [64] =>      76 root       0 -20       0      0      0 I   0.0   0.0   0:00.00 kworker+
    [65] =>     133 root       0 -20       0      0      0 I   0.0   0.0   0:00.00 kworker+
    [66] =>     134 root       0 -20       0      0      0 I   0.0   0.0   0:00.00 kworker+
    [67] =>     278 root       0 -20       0      0      0 I   0.0   0.0   0:00.00 kworker+
    [68] =>     298 root       0 -20       0      0      0 I   0.0   0.0   0:00.00 kworker+
    [69] =>     299 root       0 -20       0      0      0 I   0.0   0.0   0:00.00 kworker+
    [70] =>     300 root       0 -20       0      0      0 I   0.0   0.0   0:00.00 kworker+
    [71] =>     301 root       0 -20       0      0      0 I   0.0   0.0   0:00.00 kworker+
    [72] =>     302 root       0 -20       0      0      0 I   0.0   0.0   0:00.00 kworker+
    [73] =>     303 root       0 -20       0      0      0 I   0.0   0.0   0:00.00 kworker+
    [74] =>     304 root       0 -20       0      0      0 I   0.0   0.0   0:00.00 kworker+
    [75] =>     305 root      20   0       0      0      0 S   0.0   0.0   0:00.27 xfsaild+
    [76] =>     346 root      20   0       0      0      0 I   0.0   0.0   0:00.46 kworker+
    [77] =>     377 root      -2   0       0      0      0 S   0.0   0.0   0:00.00 psimon
    [78] =>     390 root      20   0   66676  17904  17264 S   0.0   1.0   0:00.60 systemd+
    [79] =>     428 root      20   0   33040   9696   7904 S   0.0   0.6   0:00.35 systemd+
    [80] =>     439 root      -2   0       0      0      0 S   0.0   0.0   0:00.00 psimon
    [81] =>     490 dbus      20   0   10776   3820   3660 S   0.0   0.2   0:00.03 dbus-br+
    [82] =>     502 dbus      20   0    5140   2692   2344 S   0.0   0.2   0:00.30 dbus-br+
    [83] =>     504 root      20   0    2536   1424   1424 S   0.0   0.1   0:00.00 acpid
    [84] =>     511 root       0 -20       0      0      0 I   0.0   0.0   0:00.00 kworker+
    [85] =>     512 root       0 -20       0      0      0 I   0.0   0.0   0:00.00 kworker+
    [86] =>     516 root      20   0    2664   1712   1712 S   0.0   0.1   0:00.00 mcelog
    [87] =>     522 root      20   0  162776   5068   4944 S   0.0   0.3   0:02.72 rngd
    [88] =>     531 root      20   0 1007484   8656   7632 S   0.0   0.5   0:01.46 rsyslogd
    [89] =>     546 root      20   0   18012   8148   7764 S   0.0   0.5   0:00.23 systemd+
    [90] =>     590 root      20   0    8640   5080   4240 S   0.0   0.3   0:00.01 pure-ft+
    [91] =>     594 root      20   0    2496   1564   1564 S   0.0   0.1   0:00.05 bt-ipfi+
    [92] =>     596 chrony    20   0   85528   3556   3372 S   0.0   0.2   0:00.01 chronyd
    [93] =>     624 redis     20   0  133660   4432   2500 S   0.0   0.3   0:02.16 redis-s+
    [94] =>     747 root      20   0  319028  20848  10332 S   0.0   1.2   0:00.10 nginx
    [95] =>     811 root      20   0   31364  13416   3924 S   0.0   0.8   0:00.23 python
    [96] =>     896 root      20   0  331436  15880  13320 S   0.0   0.9   0:00.67 Network+
    [97] =>     932 root      20   0 1509804  21272   8824 S   0.0   1.2   0:01.70 contain+
    [98] =>    1040 root      20   0 2449536  52564  26596 S   0.0   3.0   0:02.21 dockerd
    [99] =>    1055 root      20   0   15780   7804   7548 S   0.0   0.4   0:00.04 sshd
    [100] =>    1076 root      20   0    4528   2456   2328 S   0.0   0.1   0:00.00 atd
    [101] =>    1078 root      20   0    8420   2860   2604 S   0.0   0.2   0:00.02 crond
    [102] =>    1081 root      20   0   32016   6740   4608 S   0.0   0.4   0:00.26 tat_age+
    [103] =>    1083 postgres  20   0   21268  12184   9624 S   0.0   0.7   0:00.85 systemd
    [104] =>    1089 postgres  20   0   22904   1908   1852 S   0.0   0.1   0:00.00 (sd-pam)
    [105] =>    1111 root      20   0    7312   3008   3008 S   0.0   0.2   0:00.06 mysqld_+
    [106] =>    1129 root      20   0    2924   1968   1840 S   0.0   0.1   0:00.00 agetty
    [107] =>    1130 root      20   0    5492   1956   1828 S   0.0   0.1   0:00.00 agetty
    [108] =>    1165 root      20   0   86616   4324   3052 S   0.0   0.2   0:00.03 php-fpm
    [109] =>    1170 www       20   0  162252  14788  10948 S   0.0   0.8   0:00.12 php-fpm
    [110] =>    1174 www       20   0   87228  10364   8060 S   0.0   0.6   0:00.00 php-fpm
    [111] =>    1176 root      20   0   68960   5100   3048 S   0.0   0.3   0:00.04 php-fpm
    [112] =>    1179 www       20   0  162388  14800  10960 S   0.0   0.8   0:00.81 php-fpm
    [113] =>    1181 www       20   0   69572   5960   3772 S   0.0   0.3   0:00.00 php-fpm
    [114] =>    1184 www       20   0  162392  14936  11096 S   0.0   0.9   0:00.86 php-fpm
    [115] =>    1185 www       20   0   69572   5796   3736 S   0.0   0.3   0:00.00 php-fpm
    [116] =>    1187 www       20   0  162384  14816  10976 S   0.0   0.8   0:00.80 php-fpm
    [117] =>    1191 root      20   0   65172   4256   3120 S   0.0   0.2   0:00.04 php-fpm
    [118] =>    1193 www       20   0  186468  56828   9340 S   0.0   3.2   0:29.56 php-fpm
    [119] =>    1194 www       20   0   69572   5796   3736 S   0.0   0.3   0:00.00 php-fpm
    [120] =>    1195 www       20   0   69572   5960   3772 S   0.0   0.3   0:00.00 php-fpm
    [121] =>    1197 root      20   0   79452   4864   3328 S   0.0   0.3   0:00.04 php-fpm
    [122] =>    1201 www       20   0  186468  56924   9324 S   0.0   3.3   0:29.04 php-fpm
    [123] =>    1202 www       20   0  186464  56916   9340 S   0.0   3.3   0:29.48 php-fpm
    [124] =>    1208 www       20   0   80116   5936   4260 S   0.0   0.3   0:00.00 php-fpm
    [125] =>    1210 www       20   0  186492  56800   9324 S   0.0   3.2   0:29.26 php-fpm
    [126] =>    1215 root      20   0   83808   5380   2888 S   0.0   0.3   0:00.04 php-fpm
    [127] =>    1216 root      20   0   98256   4716   3016 S   0.0   0.3   0:00.04 php-fpm
    [128] =>    1217 root      20   0   86196   5552   2988 S   0.0   0.3   0:00.04 php-fpm
    [129] =>    1218 www       20   0   69572   5960   3772 S   0.0   0.3   0:00.00 php-fpm
    [130] =>    1220 www       20   0   80116   5876   4248 S   0.0   0.3   0:00.00 php-fpm
    [131] =>    1221 www       20   0   80116   5792   4244 S   0.0   0.3   0:00.00 php-fpm
    [132] =>    1222 www       20   0   80116   5924   4248 S   0.0   0.3   0:00.00 php-fpm
    [133] =>    1223 www       20   0  186468  57792   9340 S   0.0   3.3   0:29.14 php-fpm
    [134] =>    1229 www       20   0   84440   6544   4036 S   0.0   0.4   0:00.00 php-fpm
    [135] =>    1230 www       20   0   84440   6544   4036 S   0.0   0.4   0:00.00 php-fpm
    [136] =>    1234 www       20   0   86824   6776   4076 S   0.0   0.4   0:00.00 php-fpm
    [137] =>    1236 www       20   0   98800   6148   4180 S   0.0   0.4   0:00.00 php-fpm
    [138] =>    1237 www       20   0   98800   6000   4160 S   0.0   0.3   0:00.00 php-fpm
    [139] =>    1245 www       20   0   86824   6808   4108 S   0.0   0.4   0:00.00 php-fpm
    [140] =>    1247 root      20   0   48872   2292   1996 S   0.0   0.1   0:00.00 master
    [141] =>    1252 www       20   0   80116   5808   4260 S   0.0   0.3   0:00.00 php-fpm
    [142] =>    1255 www       20   0   98800   6148   4180 S   0.0   0.4   0:00.00 php-fpm
    [143] =>    1257 www       20   0   84440   6656   4164 S   0.0   0.4   0:00.00 php-fpm
    [144] =>    1260 www       20   0   86824   6788   4088 S   0.0   0.4   0:00.00 php-fpm
    [145] =>    1261 www       20   0   86824   6788   4088 S   0.0   0.4   0:00.00 php-fpm
    [146] =>    1266 www       20   0   98800   6148   4180 S   0.0   0.4   0:00.00 php-fpm
    [147] =>    1268 www       20   0   84440   6672   4164 S   0.0   0.4   0:00.00 php-fpm
    [148] =>    1269 www       20   0   84440   6584   4076 S   0.0   0.4   0:00.00 php-fpm
    [149] =>    1276 postgres  20   0  200704  12116  11604 S   0.0   0.7   0:00.02 postgres
    [150] =>    1277 www       20   0   98800   6148   4180 S   0.0   0.4   0:00.00 php-fpm
    [151] =>    1282 www       20   0   86828   6788   4088 S   0.0   0.4   0:00.00 php-fpm
    [152] =>    1283 postfix   20   0   49344   6624   5856 S   0.0   0.4   0:00.00 pickup
    [153] =>    1284 postfix   20   0   49392   6176   5664 S   0.0   0.4   0:00.00 qmgr
    [154] =>    1306 postgres  20   0   54680   2464   2000 S   0.0   0.1   0:00.00 postgres
    [155] =>    1315 postgres  20   0  200848   5964   5492 S   0.0   0.3   0:00.00 postgres
    [156] =>    1316 postgres  20   0  200840   4144   3672 S   0.0   0.2   0:00.01 postgres
    [157] =>    1324 postgres  20   0  200840   7088   6616 S   0.0   0.4   0:00.01 postgres
    [158] =>    1325 postgres  20   0  202312   5320   4592 S   0.0   0.3   0:00.00 postgres
    [159] =>    1326 postgres  20   0  202296   4936   4208 S   0.0   0.3   0:00.00 postgres
    [160] =>    1370 root      20   0  255292  31776  14644 S   0.0   1.8   0:04.48 BT-Panel
    [161] =>    1558 root      20   0       0      0      0 I   0.0   0.0   0:00.04 kworker+
    [162] =>    2090 www       20   0  186480  58256   9492 S   0.0   3.3   0:29.26 php-fpm
    [163] =>    2345 mysql     20   0 1576848  14888  10940 S   0.0   0.9   0:05.01 mysqld
    [164] =>    2367 root      20   0 1671928   3672   2264 S   0.0   0.2   0:02.95 docker-+
    [165] =>    2449 root      20   0 1146440  17968  11648 S   0.0   1.0   0:05.50 BT-Task
    [166] =>    2510 root      20   0 1544540   5780   2984 S   0.0   0.3   0:00.16 contain+
    [167] =>    2511 root      20   0 1544796   6136   3240 S   0.0   0.4   0:00.14 contain+
    [168] =>    2578 systemd+  20   0 1209600  11968   1432 S   0.0   0.7   0:00.26 mariadbd
    [169] =>    2592 systemd+  20   0 1553812  15728   6856 S   0.0   0.9   0:08.78 mariadbd
    [170] =>    2741 www       20   0  186480  56912   9340 S   0.0   3.3   0:28.88 php-fpm
    [171] =>    3346 root       0 -20       0      0      0 I   0.0   0.0   0:00.00 kworker+
    [172] =>    3478 www       20   0  186460  56916   9428 S   0.0   3.3   0:28.68 php-fpm
    [173] =>    3872 root      20   0 1238912   7060   5140 S   0.0   0.4   0:00.39 YDLive
    [174] =>    4036 root      20   0   80460   3380   3124 S   0.0   0.2   0:00.23 sgagent
    [175] =>    4069 root      20   0   40160   3548   2464 S   0.0   0.2   0:00.01 barad_a+
    [176] =>    4070 root      20   0   43676   7832   3772 S   0.0   0.4   0:01.15 barad_a+
    [177] =>    4071 root      20   0  630196  14148   5220 S   0.0   0.8   0:13.24 barad_a+
    [178] =>    4106 www       20   0  186484  56968   9428 S   0.0   3.3   0:26.03 php-fpm
    [179] =>    4958 root      20   0   21284  12340   9780 S   0.0   0.7   0:00.56 systemd
    [180] =>    4959 root      20   0   22796   2776   1832 S   0.0   0.2   0:00.00 (sd-pam)
    [181] =>    4966 root      -2   0       0      0      0 S   0.0   0.0   0:00.00 psimon
    [182] =>    5287 root      20   0 2742824  10068   7776 S   0.0   0.6   0:00.01 php
    [183] =>    5288 root      20   0 2742824   8736   6444 S   0.0   0.5   0:00.00 php
    [184] =>    5289 root      20   0 2742824  11000   8708 S   0.0   0.6   0:00.32 php
    [185] =>    5447 root      20   0 1024824  50640  14992 S   0.0   2.9   0:15.64 YDServi+
    [186] =>    9512 root      20   0       0      0      0 I   0.0   0.0   0:00.06 kworker+
    [187] =>    9647 root      20   0       0      0      0 I   0.0   0.0   0:00.16 kworker+
    [188] =>   10128 root      20   0       0      0      0 I   0.0   0.0   0:00.17 kworker+
    [189] =>   14389 root      20   0       0      0      0 I   0.0   0.0   0:00.01 kworker+
    [190] =>   14582 www       20   0  162256  14472  10904 S   0.0   0.8   0:00.43 php-fpm
    [191] =>   16872 root      20   0       0      0      0 I   0.0   0.0   0:00.00 kworker+
    [192] =>   17376 www       20   0  350192  20436   7620 S   0.0   1.2   0:00.01 nginx
    [193] =>   17377 www       20   0  365632  24020   9948 S   0.0   1.4   0:01.43 nginx
    [194] =>   17378 www       20   0  315584  11316   4904 S   0.0   0.6   0:00.00 nginx
    [195] =>   17385 root      20   0  561296   5040   3548 S   0.0   0.3   0:00.14 nginx_b+
    [196] =>   18482 root      20   0       0      0      0 I   0.0   0.0   0:00.00 kworker+
    [197] =>   22062 root      20   0       0      0      0 I   0.0   0.0   0:00.00 kworker+
    [198] =>   22481 root      20   0       0      0      0 I   0.0   0.0   0:00.02 kworker+
    [199] =>   22578 www       20   0 1009324  54428  43028 S   0.0   3.1   0:00.33 node
    [200] =>   22604 www       20   0  559860  32876      0 S   0.0   1.9   0:00.28 linuxX8+
    [201] =>   23756 root      20   0       0      0      0 I   0.0   0.0   0:00.00 kworker+
    [202] =>   24356 root      20   0 2739020  11360   3752 S   0.0   0.6   0:00.00 php-fpm
    [203] =>   24357 www       20   0 2739644  14256   6648 S   0.0   0.8   0:00.00 php-fpm
    [204] =>   24358 www       20   0 2741860 111704 101792 S   0.0   6.4   0:00.43 php-fpm
    [205] =>   24359 www       20   0 2739644  14144   6536 S   0.0   0.8   0:00.00 php-fpm
    [206] =>   24360 www       20   0 2739644  14256   6648 S   0.0   0.8   0:00.00 php-fpm
    [207] =>   24361 www       20   0 2739648  14148   6540 S   0.0   0.8   0:00.00 php-fpm
    [208] =>   24376 www       20   0    4100   3088   2960 S   0.0   0.2   0:00.00 sh
    [209] =>   24377 www       20   0    8900   5296   3248 R   0.0   0.3   0:00.00 top
    [210] =>   24378 www       20   0    3320   1672   1544 S   0.0   0.1   0:00.00 grep
)
Array
(
    [0] => top - 00:03:04 up 26 min,  4 users,  load average: 0.47, 0.41, 0.32
    [1] => Tasks: 209 total,   1 running, 208 sleeping,   0 stopped,   0 zombie
    [2] => %Cpu(s):  4.5 us,  9.1 sy,  0.0 ni, 86.4 id,  0.0 wa,  0.0 hi,  0.0 si,  0.0 st
    [3] => MiB Mem :   1709.0 total,    265.3 free,   1140.0 used,    560.3 buff/cache
    [4] => MiB Swap:   2048.0 total,   1236.5 free,    811.5 used.    568.9 avail Mem
    [5] => 
    [6] =>     PID USER      PR  NI    VIRT    RES    SHR S  %CPU  %MEM     TIME+ COMMAND
    [7] =>       1 root      20   0   31956  12592   9648 S   0.0   0.7   0:02.51 systemd
    [8] =>       2 root      20   0       0      0      0 S   0.0   0.0   0:00.00 kthreadd
    [9] =>       3 root      20   0       0      0      0 S   0.0   0.0   0:00.00 pool_wo+
    [10] =>       4 root       0 -20       0      0      0 I   0.0   0.0   0:00.00 kworker+
    [11] =>       5 root       0 -20       0      0      0 I   0.0   0.0   0:00.00 kworker+
    [12] =>       6 root       0 -20       0      0      0 I   0.0   0.0   0:00.00 kworker+
    [13] =>       7 root       0 -20       0      0      0 I   0.0   0.0   0:00.00 kworker+
    [14] =>       9 root       0 -20       0      0      0 I   0.0   0.0   0:00.00 kworker+
    [15] =>      11 root      20   0       0      0      0 I   0.0   0.0   0:00.14 kworker+
    [16] =>      12 root       0 -20       0      0      0 I   0.0   0.0   0:00.00 kworker+
    [17] =>      13 root      20   0       0      0      0 I   0.0   0.0   0:00.00 rcu_tas+
    [18] =>      14 root      20   0       0      0      0 I   0.0   0.0   0:00.00 rcu_tas+
    [19] =>      15 root      20   0       0      0      0 I   0.0   0.0   0:00.00 rcu_tas+
    [20] =>      16 root      20   0       0      0      0 S   0.0   0.0   0:00.25 ksoftir+
    [21] =>      17 root      20   0       0      0      0 I   0.0   0.0   0:01.15 rcu_pre+
    [22] =>      18 root      rt   0       0      0      0 S   0.0   0.0   0:00.01 migrati+
    [23] =>      19 root      20   0       0      0      0 S   0.0   0.0   0:00.00 cpuhp/0
    [24] =>      20 root      20   0       0      0      0 S   0.0   0.0   0:00.00 cpuhp/1
    [25] =>      21 root      rt   0       0      0      0 S   0.0   0.0   0:00.04 migrati+
    [26] =>      22 root      20   0       0      0      0 S   0.0   0.0   0:00.25 ksoftir+
    [27] =>      24 root       0 -20       0      0      0 I   0.0   0.0   0:00.00 kworker+
    [28] =>      25 root      20   0       0      0      0 S   0.0   0.0   0:00.00 kdevtmp+
    [29] =>      26 root       0 -20       0      0      0 I   0.0   0.0   0:00.00 kworker+
    [30] =>      27 root      20   0       0      0      0 S   0.0   0.0   0:00.00 kauditd
    [31] =>      29 root      20   0       0      0      0 S   0.0   0.0   0:00.00 khungta+
    [32] =>      30 root      20   0       0      0      0 S   0.0   0.0   0:00.00 oom_rea+
    [33] =>      32 root       0 -20       0      0      0 I   0.0   0.0   0:00.00 kworker+
    [34] =>      33 root      20   0       0      0      0 S   0.0   0.0   0:00.72 kcompac+
    [35] =>      34 root      25   5       0      0      0 S   0.0   0.0   0:00.00 ksmd
    [36] =>      35 root      39  19       0      0      0 S   0.0   0.0   0:00.12 khugepa+
    [37] =>      36 root       0 -20       0      0      0 I   0.0   0.0   0:00.00 kworker+
    [38] =>      37 root       0 -20       0      0      0 I   0.0   0.0   0:00.00 kworker+
    [39] =>      38 root       0 -20       0      0      0 I   0.0   0.0   0:00.00 kworker+
    [40] =>      39 root       0 -20       0      0      0 I   0.0   0.0   0:00.00 kworker+
    [41] =>      40 root       0 -20       0      0      0 I   0.0   0.0   0:00.00 kworker+
    [42] =>      41 root       0 -20       0      0      0 I   0.0   0.0   0:00.00 kworker+
    [43] =>      42 root       0 -20       0      0      0 I   0.0   0.0   0:00.00 kworker+
    [44] =>      43 root       0 -20       0      0      0 I   0.0   0.0   0:00.00 kworker+
    [45] =>      44 root       0 -20       0      0      0 I   0.0   0.0   0:00.00 kworker+
    [46] =>      45 root     -51   0       0      0      0 S   0.0   0.0   0:00.00 watchdo+
    [47] =>      46 root       0 -20       0      0      0 I   0.0   0.0   0:00.07 kworker+
    [48] =>      47 root      20   0       0      0      0 I   0.0   0.0   0:00.27 kworker+
    [49] =>      48 root      20   0       0      0      0 S   0.0   0.0   0:00.61 kswapd0
    [50] =>      49 root       0 -20       0      0      0 I   0.0   0.0   0:00.00 kworker+
    [51] =>      50 root       0 -20       0      0      0 I   0.0   0.0   0:00.00 kworker+
    [52] =>      51 root       0 -20       0      0      0 I   0.0   0.0   0:00.00 kworker+
    [53] =>      52 root       0 -20       0      0      0 I   0.0   0.0   0:00.00 kworker+
    [54] =>      53 root       0 -20       0      0      0 I   0.0   0.0   0:00.00 kworker+
    [55] =>      54 root       0 -20       0      0      0 I   0.0   0.0   0:00.13 kworker+
    [56] =>      55 root       0 -20       0      0      0 I   0.0   0.0   0:00.00 kworker+
    [57] =>      56 root       0 -20       0      0      0 I   0.0   0.0   0:00.00 kworker+
    [58] =>      57 root       0 -20       0      0      0 I   0.0   0.0   0:00.00 kworker+
    [59] =>      58 root       0 -20       0      0      0 I   0.0   0.0   0:00.00 kworker+
    [60] =>      59 root       0 -20       0      0      0 I   0.0   0.0   0:00.00 kworker+
    [61] =>      60 root       0 -20       0      0      0 I   0.0   0.0   0:00.00 kworker+
    [62] =>      61 root      20   0       0      0      0 S   0.0   0.0   0:00.00 scsi_eh+
    [63] =>      62 root       0 -20       0      0      0 I   0.0   0.0   0:00.00 kworker+
    [64] =>      63 root      20   0       0      0      0 S   0.0   0.0   0:00.00 scsi_eh+
    [65] =>      64 root       0 -20       0      0      0 I   0.0   0.0   0:00.00 kworker+
    [66] =>      68 root       0 -20       0      0      0 I   0.0   0.0   0:00.00 kworker+
    [67] =>      69 root       0 -20       0      0      0 I   0.0   0.0   0:00.00 kworker+
    [68] =>      70 root       0 -20       0      0      0 I   0.0   0.0   0:00.00 kworker+
    [69] =>      71 root      20   0       0      0      0 I   0.0   0.0   0:00.13 kworker+
    [70] =>      76 root       0 -20       0      0      0 I   0.0   0.0   0:00.00 kworker+
    [71] =>     133 root       0 -20       0      0      0 I   0.0   0.0   0:00.00 kworker+
    [72] =>     134 root       0 -20       0      0      0 I   0.0   0.0   0:00.00 kworker+
    [73] =>     278 root       0 -20       0      0      0 I   0.0   0.0   0:00.00 kworker+
    [74] =>     298 root       0 -20       0      0      0 I   0.0   0.0   0:00.00 kworker+
    [75] =>     299 root       0 -20       0      0      0 I   0.0   0.0   0:00.00 kworker+
    [76] =>     300 root       0 -20       0      0      0 I   0.0   0.0   0:00.00 kworker+
    [77] =>     301 root       0 -20       0      0      0 I   0.0   0.0   0:00.00 kworker+
    [78] =>     302 root       0 -20       0      0      0 I   0.0   0.0   0:00.00 kworker+
    [79] =>     303 root       0 -20       0      0      0 I   0.0   0.0   0:00.00 kworker+
    [80] =>     304 root       0 -20       0      0      0 I   0.0   0.0   0:00.00 kworker+
    [81] =>     305 root      20   0       0      0      0 S   0.0   0.0   0:00.28 xfsaild+
    [82] =>     346 root      20   0       0      0      0 I   0.0   0.0   0:00.47 kworker+
    [83] =>     377 root      -2   0       0      0      0 S   0.0   0.0   0:00.00 psimon
    [84] =>     390 root      20   0   66676  17904  17264 S   0.0   1.0   0:00.61 systemd+
    [85] =>     428 root      20   0   33040   9696   7904 S   0.0   0.6   0:00.35 systemd+
    [86] =>     439 root      -2   0       0      0      0 S   0.0   0.0   0:00.00 psimon
    [87] =>     490 dbus      20   0   10776   3820   3660 S   0.0   0.2   0:00.03 dbus-br+
    [88] =>     502 dbus      20   0    5140   2692   2344 S   0.0   0.2   0:00.30 dbus-br+
    [89] =>     504 root      20   0    2536   1424   1424 S   0.0   0.1   0:00.00 acpid
    [90] =>     511 root       0 -20       0      0      0 I   0.0   0.0   0:00.00 kworker+
    [91] =>     512 root       0 -20       0      0      0 I   0.0   0.0   0:00.00 kworker+
    [92] =>     516 root      20   0    2664   1712   1712 S   0.0   0.1   0:00.00 mcelog
    [93] =>     522 root      20   0  162776   5068   4944 S   0.0   0.3   0:02.72 rngd
    [94] =>     531 root      20   0 1007484   8656   7632 S   0.0   0.5   0:01.47 rsyslogd
    [95] =>     546 root      20   0   18012   8148   7764 S   0.0   0.5   0:00.23 systemd+
    [96] =>     590 root      20   0    8640   5080   4240 S   0.0   0.3   0:00.01 pure-ft+
    [97] =>     594 root      20   0    2496   1564   1564 S   0.0   0.1   0:00.05 bt-ipfi+
    [98] =>     596 chrony    20   0   85528   3556   3372 S   0.0   0.2   0:00.01 chronyd
    [99] =>     624 redis     20   0  133660   4432   2500 S   0.0   0.3   0:02.22 redis-s+
    [100] =>     747 root      20   0  319028  20848  10332 S   0.0   1.2   0:00.10 nginx
    [101] =>     811 root      20   0   31364  13416   3924 S   0.0   0.8   0:00.23 python
    [102] =>     896 root      20   0  331436  15880  13320 S   0.0   0.9   0:00.68 Network+
    [103] =>     932 root      20   0 1509804  21272   8824 S   0.0   1.2   0:01.73 contain+
    [104] =>    1040 root      20   0 2449536  52564  26596 S   0.0   3.0   0:02.22 dockerd
    [105] =>    1055 root      20   0   15780   7804   7548 S   0.0   0.4   0:00.04 sshd
    [106] =>    1076 root      20   0    4528   2456   2328 S   0.0   0.1   0:00.00 atd
    [107] =>    1078 root      20   0    8420   2860   2604 S   0.0   0.2   0:00.02 crond
    [108] =>    1081 root      20   0   32016   6740   4608 S   0.0   0.4   0:00.26 tat_age+
    [109] =>    1083 postgres  20   0   21268  12184   9624 S   0.0   0.7   0:00.85 systemd
    [110] =>    1089 postgres  20   0   22904   1908   1852 S   0.0   0.1   0:00.00 (sd-pam)
    [111] =>    1111 root      20   0    7312   3008   3008 S   0.0   0.2   0:00.06 mysqld_+
    [112] =>    1129 root      20   0    2924   1968   1840 S   0.0   0.1   0:00.00 agetty
    [113] =>    1130 root      20   0    5492   1956   1828 S   0.0   0.1   0:00.00 agetty
    [114] =>    1165 root      20   0   86616   4324   3052 S   0.0   0.2   0:00.04 php-fpm
    [115] =>    1170 www       20   0  162252  14788  10948 S   0.0   0.8   0:00.12 php-fpm
    [116] =>    1174 www       20   0   87228  10364   8060 S   0.0   0.6   0:00.00 php-fpm
    [117] =>    1176 root      20   0   68960   5100   3048 S   0.0   0.3   0:00.04 php-fpm
    [118] =>    1179 www       20   0  162388  14800  10960 S   0.0   0.8   0:00.81 php-fpm
    [119] =>    1181 www       20   0   69572   5960   3772 S   0.0   0.3   0:00.00 php-fpm
    [120] =>    1184 www       20   0  162392  14936  11096 S   0.0   0.9   0:00.86 php-fpm
    [121] =>    1185 www       20   0   69572   5796   3736 S   0.0   0.3   0:00.00 php-fpm
    [122] =>    1187 www       20   0  162384  14816  10976 S   0.0   0.8   0:00.80 php-fpm
    [123] =>    1191 root      20   0   65172   4256   3120 S   0.0   0.2   0:00.04 php-fpm
    [124] =>    1193 www       20   0  186468  56828   9340 S   0.0   3.2   0:29.99 php-fpm
    [125] =>    1194 www       20   0   69572   5796   3736 S   0.0   0.3   0:00.00 php-fpm
    [126] =>    1195 www       20   0   69572   5960   3772 S   0.0   0.3   0:00.00 php-fpm
    [127] =>    1197 root      20   0   79452   4864   3328 S   0.0   0.3   0:00.04 php-fpm
    [128] =>    1201 www       20   0  186468  56924   9324 S   0.0   3.3   0:29.47 php-fpm
    [129] =>    1202 www       20   0  186464  56916   9340 S   0.0   3.3   0:29.96 php-fpm
    [130] =>    1208 www       20   0   80116   5936   4260 S   0.0   0.3   0:00.00 php-fpm
    [131] =>    1210 www       20   0  186492  56800   9324 S   0.0   3.2   0:29.76 php-fpm
    [132] =>    1215 root      20   0   83808   5380   2888 S   0.0   0.3   0:00.04 php-fpm
    [133] =>    1216 root      20   0   98256   4716   3016 S   0.0   0.3   0:00.04 php-fpm
    [134] =>    1217 root      20   0   86196   5552   2988 S   0.0   0.3   0:00.04 php-fpm
    [135] =>    1218 www       20   0   69572   5960   3772 S   0.0   0.3   0:00.00 php-fpm
    [136] =>    1220 www       20   0   80116   5876   4248 S   0.0   0.3   0:00.00 php-fpm
    [137] =>    1221 www       20   0   80116   5792   4244 S   0.0   0.3   0:00.00 php-fpm
    [138] =>    1222 www       20   0   80116   5924   4248 S   0.0   0.3   0:00.00 php-fpm
    [139] =>    1223 www       20   0  186468  57792   9340 S   0.0   3.3   0:29.75 php-fpm
    [140] =>    1229 www       20   0   84440   6544   4036 S   0.0   0.4   0:00.00 php-fpm
    [141] =>    1230 www       20   0   84440   6544   4036 S   0.0   0.4   0:00.00 php-fpm
    [142] =>    1234 www       20   0   86824   6776   4076 S   0.0   0.4   0:00.00 php-fpm
    [143] =>    1236 www       20   0   98800   6148   4180 S   0.0   0.4   0:00.00 php-fpm
    [144] =>    1237 www       20   0   98800   6000   4160 S   0.0   0.3   0:00.00 php-fpm
    [145] =>    1245 www       20   0   86824   6808   4108 S   0.0   0.4   0:00.00 php-fpm
    [146] =>    1247 root      20   0   48872   2292   1996 S   0.0   0.1   0:00.00 master
    [147] =>    1252 www       20   0   80116   5808   4260 S   0.0   0.3   0:00.00 php-fpm
    [148] =>    1255 www       20   0   98800   6148   4180 S   0.0   0.4   0:00.00 php-fpm
    [149] =>    1257 www       20   0   84440   6656   4164 S   0.0   0.4   0:00.00 php-fpm
    [150] =>    1260 www       20   0   86824   6788   4088 S   0.0   0.4   0:00.00 php-fpm
    [151] =>    1261 www       20   0   86824   6788   4088 S   0.0   0.4   0:00.00 php-fpm
    [152] =>    1266 www       20   0   98800   6148   4180 S   0.0   0.4   0:00.00 php-fpm
    [153] =>    1268 www       20   0   84440   6672   4164 S   0.0   0.4   0:00.00 php-fpm
    [154] =>    1269 www       20   0   84440   6584   4076 S   0.0   0.4   0:00.00 php-fpm
    [155] =>    1276 postgres  20   0  200704  12116  11604 S   0.0   0.7   0:00.02 postgres
    [156] =>    1277 www       20   0   98800   6148   4180 S   0.0   0.4   0:00.00 php-fpm
    [157] =>    1282 www       20   0   86828   6788   4088 S   0.0   0.4   0:00.00 php-fpm
    [158] =>    1283 postfix   20   0   49344   6624   5856 S   0.0   0.4   0:00.00 pickup
    [159] =>    1284 postfix   20   0   49392   6176   5664 S   0.0   0.4   0:00.00 qmgr
    [160] =>    1306 postgres  20   0   54680   2464   2000 S   0.0   0.1   0:00.00 postgres
    [161] =>    1315 postgres  20   0  200848   5964   5492 S   0.0   0.3   0:00.00 postgres
    [162] =>    1316 postgres  20   0  200840   4144   3672 S   0.0   0.2   0:00.01 postgres
    [163] =>    1324 postgres  20   0  200840   7088   6616 S   0.0   0.4   0:00.01 postgres
    [164] =>    1325 postgres  20   0  202312   5320   4592 S   0.0   0.3   0:00.00 postgres
    [165] =>    1326 postgres  20   0  202296   4936   4208 S   0.0   0.3   0:00.00 postgres
    [166] =>    1370 root      20   0  255292  31904  14644 S   0.0   1.8   0:04.52 BT-Panel
    [167] =>    1558 root      20   0       0      0      0 I   0.0   0.0   0:00.04 kworker+
    [168] =>    2090 www       20   0  186480  58256   9492 S   0.0   3.3   0:29.69 php-fpm
    [169] =>    2345 mysql     20   0 1576848  14888  10940 S   0.0   0.9   0:05.11 mysqld
    [170] =>    2367 root      20   0 1671928   3800   2264 S   0.0   0.2   0:03.00 docker-+
    [171] =>    2449 root      20   0 1146440  17968  11648 S   0.0   1.0   0:05.53 BT-Task
    [172] =>    2510 root      20   0 1544540   5780   2984 S   0.0   0.3   0:00.16 contain+
    [173] =>    2511 root      20   0 1544796   6136   3240 S   0.0   0.4   0:00.14 contain+
    [174] =>    2578 systemd+  20   0 1209600  11968   1432 S   0.0   0.7   0:00.27 mariadbd
    [175] =>    2592 systemd+  20   0 1553812  15728   6856 S   0.0   0.9   0:08.90 mariadbd
    [176] =>    2741 www       20   0  186480  56912   9340 S   0.0   3.3   0:29.47 php-fpm
    [177] =>    3346 root       0 -20       0      0      0 I   0.0   0.0   0:00.00 kworker+
    [178] =>    3478 www       20   0  186460  56916   9428 S   0.0   3.3   0:29.30 php-fpm
    [179] =>    3872 root      20   0 1238912   7060   5140 S   0.0   0.4   0:00.40 YDLive
    [180] =>    4036 root      20   0   80460   3380   3124 S   0.0   0.2   0:00.23 sgagent
    [181] =>    4069 root      20   0   40160   3548   2464 S   0.0   0.2   0:00.01 barad_a+
    [182] =>    4070 root      20   0   43676   7832   3772 S   0.0   0.4   0:01.18 barad_a+
    [183] =>    4071 root      20   0  630196  14148   5220 S   0.0   0.8   0:13.56 barad_a+
    [184] =>    4106 www       20   0  186484  56968   9428 S   0.0   3.3   0:26.62 php-fpm
    [185] =>    4958 root      20   0   21284  12340   9780 S   0.0   0.7   0:00.56 systemd
    [186] =>    4959 root      20   0   22796   2776   1832 S   0.0   0.2   0:00.00 (sd-pam)
    [187] =>    4966 root      -2   0       0      0      0 S   0.0   0.0   0:00.00 psimon
    [188] =>    5287 root      20   0 2742824  10068   7776 S   0.0   0.6   0:00.01 php
    [189] =>    5288 root      20   0 2742824   8736   6444 S   0.0   0.5   0:00.00 php
    [190] =>    5289 root      20   0 2742824  11000   8708 S   0.0   0.6   0:00.33 php
    [191] =>    5447 root      20   0 1024824  49228  14992 S   0.0   2.8   0:16.08 YDServi+
    [192] =>    9512 root      20   0       0      0      0 I   0.0   0.0   0:00.06 kworker+
    [193] =>    9647 root      20   0       0      0      0 I   0.0   0.0   0:00.16 kworker+
    [194] =>   10128 root      20   0       0      0      0 I   0.0   0.0   0:00.17 kworker+
    [195] =>   14389 root      20   0       0      0      0 I   0.0   0.0   0:00.02 kworker+
    [196] =>   14582 www       20   0  162256  14472  10904 S   0.0   0.8   0:00.43 php-fpm
    [197] =>   16872 root      20   0       0      0      0 I   0.0   0.0   0:00.00 kworker+
    [198] =>   17376 www       20   0  350192  20948   8004 S   0.0   1.2   0:00.01 nginx
    [199] =>   17377 www       20   0  365632  24020   9948 S   0.0   1.4   0:01.52 nginx
    [200] =>   17378 www       20   0  315584  11316   4904 S   0.0   0.6   0:00.00 nginx
    [201] =>   17385 root      20   0  561296   5040   3548 S   0.0   0.3   0:00.14 nginx_b+
    [202] =>   18482 root      20   0       0      0      0 I   0.0   0.0   0:00.00 kworker+
    [203] =>   22062 root      20   0       0      0      0 I   0.0   0.0   0:00.00 kworker+
    [204] =>   22481 root      20   0       0      0      0 I   0.0   0.0   0:00.03 kworker+
    [205] =>   22578 www       20   0 1009836  54940  43028 S   0.0   3.1   0:00.38 node
    [206] =>   22604 www       20   0  559860  33004      0 S   0.0   1.9   0:00.29 linuxX8+
    [207] =>   23756 root      20   0       0      0      0 I   0.0   0.0   0:00.00 kworker+
    [208] =>   24719 root      20   0 2739020  11144   3644 S   0.0   0.6   0:00.00 php-fpm
    [209] =>   24720 www       20   0 2741856 111616 101684 S   0.0   6.4   0:00.37 php-fpm
    [210] =>   24721 www       20   0 2739644  14308   6680 S   0.0   0.8   0:00.00 php-fpm
    [211] =>   24722 www       20   0 2739644  14172   6544 S   0.0   0.8   0:00.00 php-fpm
    [212] =>   24723 www       20   0 2739644  14044   6544 S   0.0   0.8   0:00.00 php-fpm
    [213] =>   24724 www       20   0 2739648  14300   6672 S   0.0   0.8   0:00.00 php-fpm
    [214] =>   24751 www       20   0    8900   5156   3108 R   0.0   0.3   0:00.00 top
    [215] =>   24758 www       20   0 2739648  14308   6680 S   0.0   0.8   0:00.00 php-fpm
)
Array
(
    [0] => top - 00:04:44 up 27 min,  4 users,  load average: 0.18, 0.32, 0.30
    [1] => Tasks: 208 total,   2 running, 206 sleeping,   0 stopped,   0 zombie
    [2] => %Cpu(s):  4.5 us,  4.5 sy,  0.0 ni, 90.9 id,  0.0 wa,  0.0 hi,  0.0 si,  0.0 st
    [3] => MiB Mem :   1709.0 total,    252.4 free,   1144.7 used,    568.6 buff/cache
    [4] => MiB Swap:   2048.0 total,   1237.3 free,    810.7 used.    564.3 avail Mem
    [5] => 
    [6] =>     PID USER      PR  NI    VIRT    RES    SHR S  %CPU  %MEM     TIME+ COMMAND
    [7] =>       1 root      20   0   31956  12592   9648 S   0.0   0.7   0:02.55 systemd
    [8] =>       2 root      20   0       0      0      0 S   0.0   0.0   0:00.00 kthreadd
    [9] =>       3 root      20   0       0      0      0 S   0.0   0.0   0:00.00 pool_wo+
    [10] =>       4 root       0 -20       0      0      0 I   0.0   0.0   0:00.00 kworker+
    [11] =>       5 root       0 -20       0      0      0 I   0.0   0.0   0:00.00 kworker+
    [12] =>       6 root       0 -20       0      0      0 I   0.0   0.0   0:00.00 kworker+
    [13] =>       7 root       0 -20       0      0      0 I   0.0   0.0   0:00.00 kworker+
    [14] =>       9 root       0 -20       0      0      0 I   0.0   0.0   0:00.00 kworker+
    [15] =>      11 root      20   0       0      0      0 I   0.0   0.0   0:00.15 kworker+
    [16] =>      12 root       0 -20       0      0      0 I   0.0   0.0   0:00.00 kworker+
    [17] =>      13 root      20   0       0      0      0 I   0.0   0.0   0:00.00 rcu_tas+
    [18] =>      14 root      20   0       0      0      0 I   0.0   0.0   0:00.00 rcu_tas+
    [19] =>      15 root      20   0       0      0      0 I   0.0   0.0   0:00.00 rcu_tas+
    [20] =>      16 root      20   0       0      0      0 S   0.0   0.0   0:00.27 ksoftir+
    [21] =>      17 root      20   0       0      0      0 R   0.0   0.0   0:01.23 rcu_pre+
    [22] =>      18 root      rt   0       0      0      0 S   0.0   0.0   0:00.01 migrati+
    [23] =>      19 root      20   0       0      0      0 S   0.0   0.0   0:00.00 cpuhp/0
    [24] =>      20 root      20   0       0      0      0 S   0.0   0.0   0:00.00 cpuhp/1
    [25] =>      21 root      rt   0       0      0      0 S   0.0   0.0   0:00.05 migrati+
    [26] =>      22 root      20   0       0      0      0 S   0.0   0.0   0:00.27 ksoftir+
    [27] =>      24 root       0 -20       0      0      0 I   0.0   0.0   0:00.00 kworker+
    [28] =>      25 root      20   0       0      0      0 S   0.0   0.0   0:00.00 kdevtmp+
    [29] =>      26 root       0 -20       0      0      0 I   0.0   0.0   0:00.00 kworker+
    [30] =>      27 root      20   0       0      0      0 S   0.0   0.0   0:00.00 kauditd
    [31] =>      29 root      20   0       0      0      0 S   0.0   0.0   0:00.00 khungta+
    [32] =>      30 root      20   0       0      0      0 S   0.0   0.0   0:00.00 oom_rea+
    [33] =>      32 root       0 -20       0      0      0 I   0.0   0.0   0:00.00 kworker+
    [34] =>      33 root      20   0       0      0      0 S   0.0   0.0   0:00.76 kcompac+
    [35] =>      34 root      25   5       0      0      0 S   0.0   0.0   0:00.00 ksmd
    [36] =>      35 root      39  19       0      0      0 S   0.0   0.0   0:00.12 khugepa+
    [37] =>      36 root       0 -20       0      0      0 I   0.0   0.0   0:00.00 kworker+
    [38] =>      37 root       0 -20       0      0      0 I   0.0   0.0   0:00.00 kworker+
    [39] =>      38 root       0 -20       0      0      0 I   0.0   0.0   0:00.00 kworker+
    [40] =>      39 root       0 -20       0      0      0 I   0.0   0.0   0:00.00 kworker+
    [41] =>      40 root       0 -20       0      0      0 I   0.0   0.0   0:00.00 kworker+
    [42] =>      41 root       0 -20       0      0      0 I   0.0   0.0   0:00.00 kworker+
    [43] =>      42 root       0 -20       0      0      0 I   0.0   0.0   0:00.00 kworker+
    [44] =>      43 root       0 -20       0      0      0 I   0.0   0.0   0:00.00 kworker+
    [45] =>      44 root       0 -20       0      0      0 I   0.0   0.0   0:00.00 kworker+
    [46] =>      45 root     -51   0       0      0      0 S   0.0   0.0   0:00.00 watchdo+
    [47] =>      46 root       0 -20       0      0      0 I   0.0   0.0   0:00.07 kworker+
    [48] =>      47 root      20   0       0      0      0 I   0.0   0.0   0:00.27 kworker+
    [49] =>      48 root      20   0       0      0      0 S   0.0   0.0   0:00.62 kswapd0
    [50] =>      49 root       0 -20       0      0      0 I   0.0   0.0   0:00.00 kworker+
    [51] =>      50 root       0 -20       0      0      0 I   0.0   0.0   0:00.00 kworker+
    [52] =>      51 root       0 -20       0      0      0 I   0.0   0.0   0:00.00 kworker+
    [53] =>      52 root       0 -20       0      0      0 I   0.0   0.0   0:00.00 kworker+
    [54] =>      53 root       0 -20       0      0      0 I   0.0   0.0   0:00.00 kworker+
    [55] =>      54 root       0 -20       0      0      0 I   0.0   0.0   0:00.13 kworker+
    [56] =>      55 root       0 -20       0      0      0 I   0.0   0.0   0:00.00 kworker+
    [57] =>      56 root       0 -20       0      0      0 I   0.0   0.0   0:00.00 kworker+
    [58] =>      57 root       0 -20       0      0      0 I   0.0   0.0   0:00.00 kworker+
    [59] =>      58 root       0 -20       0      0      0 I   0.0   0.0   0:00.00 kworker+
    [60] =>      59 root       0 -20       0      0      0 I   0.0   0.0   0:00.00 kworker+
    [61] =>      60 root       0 -20       0      0      0 I   0.0   0.0   0:00.00 kworker+
    [62] =>      61 root      20   0       0      0      0 S   0.0   0.0   0:00.00 scsi_eh+
    [63] =>      62 root       0 -20       0      0      0 I   0.0   0.0   0:00.00 kworker+
    [64] =>      63 root      20   0       0      0      0 S   0.0   0.0   0:00.00 scsi_eh+
    [65] =>      64 root       0 -20       0      0      0 I   0.0   0.0   0:00.00 kworker+
    [66] =>      68 root       0 -20       0      0      0 I   0.0   0.0   0:00.00 kworker+
    [67] =>      69 root       0 -20       0      0      0 I   0.0   0.0   0:00.00 kworker+
    [68] =>      70 root       0 -20       0      0      0 I   0.0   0.0   0:00.00 kworker+
    [69] =>      71 root      20   0       0      0      0 I   0.0   0.0   0:00.13 kworker+
    [70] =>      76 root       0 -20       0      0      0 I   0.0   0.0   0:00.00 kworker+
    [71] =>     133 root       0 -20       0      0      0 I   0.0   0.0   0:00.00 kworker+
    [72] =>     134 root       0 -20       0      0      0 I   0.0   0.0   0:00.00 kworker+
    [73] =>     278 root       0 -20       0      0      0 I   0.0   0.0   0:00.00 kworker+
    [74] =>     298 root       0 -20       0      0      0 I   0.0   0.0   0:00.00 kworker+
    [75] =>     299 root       0 -20       0      0      0 I   0.0   0.0   0:00.00 kworker+
    [76] =>     300 root       0 -20       0      0      0 I   0.0   0.0   0:00.00 kworker+
    [77] =>     301 root       0 -20       0      0      0 I   0.0   0.0   0:00.00 kworker+
    [78] =>     302 root       0 -20       0      0      0 I   0.0   0.0   0:00.00 kworker+
    [79] =>     303 root       0 -20       0      0      0 I   0.0   0.0   0:00.00 kworker+
    [80] =>     304 root       0 -20       0      0      0 I   0.0   0.0   0:00.00 kworker+
    [81] =>     305 root      20   0       0      0      0 S   0.0   0.0   0:00.29 xfsaild+
    [82] =>     346 root      20   0       0      0      0 I   0.0   0.0   0:00.51 kworker+
    [83] =>     377 root      -2   0       0      0      0 S   0.0   0.0   0:00.00 psimon
    [84] =>     390 root      20   0   66676  18032  17392 S   0.0   1.0   0:00.63 systemd+
    [85] =>     428 root      20   0   33040   9696   7904 S   0.0   0.6   0:00.36 systemd+
    [86] =>     439 root      -2   0       0      0      0 S   0.0   0.0   0:00.00 psimon
    [87] =>     490 dbus      20   0   10776   3820   3660 S   0.0   0.2   0:00.03 dbus-br+
    [88] =>     502 dbus      20   0    5140   2692   2344 S   0.0   0.2   0:00.32 dbus-br+
    [89] =>     504 root      20   0    2536   1424   1424 S   0.0   0.1   0:00.00 acpid
    [90] =>     511 root       0 -20       0      0      0 I   0.0   0.0   0:00.00 kworker+
    [91] =>     512 root       0 -20       0      0      0 I   0.0   0.0   0:00.00 kworker+
    [92] =>     516 root      20   0    2664   1712   1712 S   0.0   0.1   0:00.00 mcelog
    [93] =>     522 root      20   0  162776   5068   4944 S   0.0   0.3   0:02.72 rngd
    [94] =>     531 root      20   0 1007484   8656   7632 S   0.0   0.5   0:01.52 rsyslogd
    [95] =>     546 root      20   0   18012   8148   7764 S   0.0   0.5   0:00.23 systemd+
    [96] =>     590 root      20   0    8640   5080   4240 S   0.0   0.3   0:00.01 pure-ft+
    [97] =>     594 root      20   0    2496   1564   1564 S   0.0   0.1   0:00.05 bt-ipfi+
    [98] =>     596 chrony    20   0   85528   3556   3372 S   0.0   0.2   0:00.02 chronyd
    [99] =>     624 redis     20   0  133660   4432   2500 S   0.0   0.3   0:02.36 redis-s+
    [100] =>     747 root      20   0  319028  20848  10332 S   0.0   1.2   0:00.10 nginx
    [101] =>     811 root      20   0   31364  13416   3924 S   0.0   0.8   0:00.25 python
    [102] =>     896 root      20   0  331436  15880  13320 S   0.0   0.9   0:00.71 Network+
    [103] =>     932 root      20   0 1509804  21528   9080 S   0.0   1.2   0:01.84 contain+
    [104] =>    1040 root      20   0 2449536  53336  26856 S   0.0   3.0   0:02.34 dockerd
    [105] =>    1055 root      20   0   15780   7804   7548 S   0.0   0.4   0:00.04 sshd
    [106] =>    1076 root      20   0    4528   2456   2328 S   0.0   0.1   0:00.00 atd
    [107] =>    1078 root      20   0    8420   2860   2604 S   0.0   0.2   0:00.02 crond
    [108] =>    1081 root      20   0   32016   6740   4608 S   0.0   0.4   0:00.28 tat_age+
    [109] =>    1083 postgres  20   0   21268  12184   9624 S   0.0   0.7   0:00.87 systemd
    [110] =>    1089 postgres  20   0   22904   1908   1852 S   0.0   0.1   0:00.00 (sd-pam)
    [111] =>    1111 root      20   0    7312   3008   3008 S   0.0   0.2   0:00.06 mysqld_+
    [112] =>    1129 root      20   0    2924   1968   1840 S   0.0   0.1   0:00.00 agetty
    [113] =>    1130 root      20   0    5492   1956   1828 S   0.0   0.1   0:00.00 agetty
    [114] =>    1165 root      20   0   86616   4324   3052 S   0.0   0.2   0:00.04 php-fpm
    [115] =>    1170 www       20   0  162252  14916  11076 S   0.0   0.9   0:00.12 php-fpm
    [116] =>    1174 www       20   0  162116  14256  10800 S   0.0   0.8   0:00.01 php-fpm
    [117] =>    1176 root      20   0   68960   5100   3048 S   0.0   0.3   0:00.04 php-fpm
    [118] =>    1179 www       20   0  162388  14800  10960 S   0.0   0.8   0:00.82 php-fpm
    [119] =>    1181 www       20   0   69572   5960   3772 S   0.0   0.3   0:00.00 php-fpm
    [120] =>    1184 www       20   0  162392  14936  11096 S   0.0   0.9   0:00.86 php-fpm
    [121] =>    1185 www       20   0   69572   5796   3736 S   0.0   0.3   0:00.00 php-fpm
    [122] =>    1187 www       20   0  162384  14816  10976 S   0.0   0.8   0:00.80 php-fpm
    [123] =>    1191 root      20   0   65172   4256   3120 S   0.0   0.2   0:00.04 php-fpm
    [124] =>    1193 www       20   0  186468  56828   9340 S   0.0   3.2   0:31.90 php-fpm
    [125] =>    1194 www       20   0   69572   5796   3736 S   0.0   0.3   0:00.00 php-fpm
    [126] =>    1195 www       20   0   69572   5960   3772 S   0.0   0.3   0:00.00 php-fpm
    [127] =>    1197 root      20   0   79452   4864   3328 S   0.0   0.3   0:00.04 php-fpm
    [128] =>    1201 www       20   0  186468  56928   9324 S   0.0   3.3   0:31.52 php-fpm
    [129] =>    1202 www       20   0  186464  56916   9340 S   0.0   3.3   0:31.84 php-fpm
    [130] =>    1208 www       20   0   80116   5936   4260 S   0.0   0.3   0:00.00 php-fpm
    [131] =>    1210 www       20   0  186492  56820   9324 S   0.0   3.2   0:31.62 php-fpm
    [132] =>    1215 root      20   0   83808   5380   2888 S   0.0   0.3   0:00.04 php-fpm
    [133] =>    1216 root      20   0   98256   4716   3016 S   0.0   0.3   0:00.04 php-fpm
    [134] =>    1217 root      20   0   86196   5552   2988 S   0.0   0.3   0:00.04 php-fpm
    [135] =>    1218 www       20   0   69572   5960   3772 S   0.0   0.3   0:00.00 php-fpm
    [136] =>    1220 www       20   0   80116   5876   4248 S   0.0   0.3   0:00.00 php-fpm
    [137] =>    1221 www       20   0   80116   5792   4244 S   0.0   0.3   0:00.00 php-fpm
    [138] =>    1222 www       20   0   80116   5924   4248 S   0.0   0.3   0:00.00 php-fpm
    [139] =>    1223 www       20   0  186468  57816   9340 S   0.0   3.3   0:31.52 php-fpm
    [140] =>    1229 www       20   0   84440   6544   4036 S   0.0   0.4   0:00.00 php-fpm
    [141] =>    1230 www       20   0   84440   6544   4036 S   0.0   0.4   0:00.00 php-fpm
    [142] =>    1234 www       20   0   86824   6776   4076 S   0.0   0.4   0:00.00 php-fpm
    [143] =>    1236 www       20   0   98800   6148   4180 S   0.0   0.4   0:00.00 php-fpm
    [144] =>    1237 www       20   0   98800   6000   4160 S   0.0   0.3   0:00.00 php-fpm
    [145] =>    1245 www       20   0   86824   6808   4108 S   0.0   0.4   0:00.00 php-fpm
    [146] =>    1247 root      20   0   48872   2292   1996 S   0.0   0.1   0:00.00 master
    [147] =>    1252 www       20   0   80116   5808   4260 S   0.0   0.3   0:00.00 php-fpm
    [148] =>    1255 www       20   0   98800   6148   4180 S   0.0   0.4   0:00.00 php-fpm
    [149] =>    1257 www       20   0   84440   6656   4164 S   0.0   0.4   0:00.00 php-fpm
    [150] =>    1260 www       20   0   86824   6788   4088 S   0.0   0.4   0:00.00 php-fpm
    [151] =>    1261 www       20   0   86824   6788   4088 S   0.0   0.4   0:00.00 php-fpm
    [152] =>    1266 www       20   0   98800   6148   4180 S   0.0   0.4   0:00.00 php-fpm
    [153] =>    1268 www       20   0   84440   6672   4164 S   0.0   0.4   0:00.00 php-fpm
    [154] =>    1269 www       20   0   84440   6584   4076 S   0.0   0.4   0:00.00 php-fpm
    [155] =>    1276 postgres  20   0  200704  12116  11604 S   0.0   0.7   0:00.02 postgres
    [156] =>    1277 www       20   0   98800   6148   4180 S   0.0   0.4   0:00.00 php-fpm
    [157] =>    1282 www       20   0   86828   6788   4088 S   0.0   0.4   0:00.00 php-fpm
    [158] =>    1283 postfix   20   0   49344   6624   5856 S   0.0   0.4   0:00.00 pickup
    [159] =>    1284 postfix   20   0   49392   6176   5664 S   0.0   0.4   0:00.00 qmgr
    [160] =>    1306 postgres  20   0   54680   2464   2000 S   0.0   0.1   0:00.00 postgres
    [161] =>    1315 postgres  20   0  200848   5964   5492 S   0.0   0.3   0:00.00 postgres
    [162] =>    1316 postgres  20   0  200840   4144   3672 S   0.0   0.2   0:00.01 postgres
    [163] =>    1324 postgres  20   0  200840   7088   6616 S   0.0   0.4   0:00.01 postgres
    [164] =>    1325 postgres  20   0  202312   5320   4592 S   0.0   0.3   0:00.00 postgres
    [165] =>    1326 postgres  20   0  202296   4936   4208 S   0.0   0.3   0:00.00 postgres
    [166] =>    1370 root      20   0  255292  31904  14644 S   0.0   1.8   0:04.56 BT-Panel
    [167] =>    1558 root      20   0       0      0      0 I   0.0   0.0   0:00.05 kworker+
    [168] =>    2090 www       20   0  186480  58256   9492 S   0.0   3.3   0:31.61 php-fpm
    [169] =>    2345 mysql     20   0 1576848  14888  10940 S   0.0   0.9   0:05.41 mysqld
    [170] =>    2367 root      20   0 1745660   3928   2264 S   0.0   0.2   0:03.18 docker-+
    [171] =>    2449 root      20   0 1146440  17968  11648 S   0.0   1.0   0:05.91 BT-Task
    [172] =>    2510 root      20   0 1544540   5780   2984 S   0.0   0.3   0:00.17 contain+
    [173] =>    2511 root      20   0 1544796   6004   3240 S   0.0   0.3   0:00.15 contain+
    [174] =>    2578 systemd+  20   0 1209600  11968   1432 S   0.0   0.7   0:00.28 mariadbd
    [175] =>    2592 systemd+  20   0 1553812  15728   6856 S   0.0   0.9   0:09.30 mariadbd
    [176] =>    2741 www       20   0  186480  56932   9340 S   0.0   3.3   0:31.30 php-fpm
    [177] =>    3346 root       0 -20       0      0      0 I   0.0   0.0   0:00.00 kworker+
    [178] =>    3478 www       20   0  186460  56916   9428 S   0.0   3.3   0:31.08 php-fpm
    [179] =>    3872 root      20   0 1238912   7060   5140 S   0.0   0.4   0:00.43 YDLive
    [180] =>    4036 root      20   0   80460   3380   3124 S   0.0   0.2   0:00.23 sgagent
    [181] =>    4069 root      20   0   40160   3548   2464 S   0.0   0.2   0:00.02 barad_a+
    [182] =>    4070 root      20   0   43676   7832   3772 S   0.0   0.4   0:01.26 barad_a+
    [183] =>    4071 root      20   0  630196  14276   5220 S   0.0   0.8   0:14.52 barad_a+
    [184] =>    4106 www       20   0  186484  56976   9428 S   0.0   3.3   0:28.61 php-fpm
    [185] =>    4958 root      20   0   21284  12340   9780 S   0.0   0.7   0:00.59 systemd
    [186] =>    4959 root      20   0   22796   2776   1832 S   0.0   0.2   0:00.00 (sd-pam)
    [187] =>    4966 root      -2   0       0      0      0 S   0.0   0.0   0:00.00 psimon
    [188] =>    5287 root      20   0 2742824  10068   7776 S   0.0   0.6   0:00.01 php
    [189] =>    5288 root      20   0 2742824   8736   6444 S   0.0   0.5   0:00.00 php
    [190] =>    5289 root      20   0 2742824  11000   8708 S   0.0   0.6   0:00.35 php
    [191] =>    5447 root      20   0 1024824  49992  15120 S   0.0   2.9   0:17.77 YDServi+
    [192] =>    9647 root      20   0       0      0      0 I   0.0   0.0   0:00.17 kworker+
    [193] =>   10128 root      20   0       0      0      0 I   0.0   0.0   0:00.17 kworker+
    [194] =>   14389 root      20   0       0      0      0 I   0.0   0.0   0:00.02 kworker+
    [195] =>   14582 www       20   0  162256  14472  10904 S   0.0   0.8   0:00.43 php-fpm
    [196] =>   16872 root      20   0       0      0      0 I   0.0   0.0   0:00.00 kworker+
    [197] =>   17376 www       20   0  350192  21076   8132 S   0.0   1.2   0:00.02 nginx
    [198] =>   17377 www       20   0  365632  25308  10724 S   0.0   1.4   0:01.79 nginx
    [199] =>   17378 www       20   0  315584  11316   4904 S   0.0   0.6   0:00.00 nginx
    [200] =>   17385 root      20   0  561296   5040   3548 S   0.0   0.3   0:00.14 nginx_b+
    [201] =>   18482 root      20   0       0      0      0 I   0.0   0.0   0:00.00 kworker+
    [202] =>   22481 root      20   0       0      0      0 I   0.0   0.0   0:00.06 kworker+
    [203] =>   22578 www       20   0 1010092  60680  48000 S   0.0   3.5   0:00.52 node
    [204] =>   22604 www       20   0  559860  33200      0 S   0.0   1.9   0:00.33 linuxX8+
    [205] =>   23756 root      20   0       0      0      0 I   0.0   0.0   0:00.01 kworker+
    [206] =>   27016 root      20   0       0      0      0 I   0.0   0.0   0:00.00 kworker+
    [207] =>   27275 root      20   0 2739020  11156   3652 S   0.0   0.6   0:00.00 php-fpm
    [208] =>   27276 www       20   0 2741860 111624 101688 S   0.0   6.4   0:00.36 php-fpm
    [209] =>   27277 www       20   0 2739644  14256   6624 S   0.0   0.8   0:00.00 php-fpm
    [210] =>   27278 www       20   0 2739644  14040   6536 S   0.0   0.8   0:00.00 php-fpm
    [211] =>   27279 www       20   0 2739644  14140   6508 S   0.0   0.8   0:00.00 php-fpm
    [212] =>   27280 www       20   0 2739648  14132   6500 S   0.0   0.8   0:00.00 php-fpm
    [213] =>   27307 www       20   0    8900   5288   3240 R   0.0   0.3   0:00.00 top
    [214] =>   27308 www       20   0 2739648  14256   6624 S   0.0   0.8   0:00.00 php-fpm
)
Array
(
    [0] => top - 00:04:49 up 27 min,  4 users,  load average: 0.25, 0.33, 0.30
    [1] => Tasks: 208 total,   1 running, 207 sleeping,   0 stopped,   0 zombie
    [2] => %Cpu(s):  4.5 us,  0.0 sy,  0.0 ni, 95.5 id,  0.0 wa,  0.0 hi,  0.0 si,  0.0 st
    [3] => MiB Mem :   1709.0 total,    241.0 free,   1154.2 used,    571.7 buff/cache
    [4] => MiB Swap:   2048.0 total,   1237.3 free,    810.7 used.    554.8 avail Mem
    [5] => 
    [6] =>     PID USER      PR  NI    VIRT    RES    SHR S  %CPU  %MEM     TIME+ COMMAND
    [7] =>   22578 www       20   0 1010092  60680  48000 S   9.1   3.5   0:00.53 node
    [8] =>       1 root      20   0   31956  12592   9648 S   0.0   0.7   0:02.55 systemd
    [9] =>       2 root      20   0       0      0      0 S   0.0   0.0   0:00.00 kthreadd
    [10] =>       3 root      20   0       0      0      0 S   0.0   0.0   0:00.00 pool_wo+
    [11] =>       4 root       0 -20       0      0      0 I   0.0   0.0   0:00.00 kworker+
    [12] =>       5 root       0 -20       0      0      0 I   0.0   0.0   0:00.00 kworker+
    [13] =>       6 root       0 -20       0      0      0 I   0.0   0.0   0:00.00 kworker+
    [14] =>       7 root       0 -20       0      0      0 I   0.0   0.0   0:00.00 kworker+
    [15] =>       9 root       0 -20       0      0      0 I   0.0   0.0   0:00.00 kworker+
    [16] =>      11 root      20   0       0      0      0 I   0.0   0.0   0:00.15 kworker+
    [17] =>      12 root       0 -20       0      0      0 I   0.0   0.0   0:00.00 kworker+
    [18] =>      13 root      20   0       0      0      0 I   0.0   0.0   0:00.00 rcu_tas+
    [19] =>      14 root      20   0       0      0      0 I   0.0   0.0   0:00.00 rcu_tas+
    [20] =>      15 root      20   0       0      0      0 I   0.0   0.0   0:00.00 rcu_tas+
    [21] =>      16 root      20   0       0      0      0 S   0.0   0.0   0:00.27 ksoftir+
    [22] =>      17 root      20   0       0      0      0 I   0.0   0.0   0:01.23 rcu_pre+
    [23] =>      18 root      rt   0       0      0      0 S   0.0   0.0   0:00.01 migrati+
    [24] =>      19 root      20   0       0      0      0 S   0.0   0.0   0:00.00 cpuhp/0
    [25] =>      20 root      20   0       0      0      0 S   0.0   0.0   0:00.00 cpuhp/1
    [26] =>      21 root      rt   0       0      0      0 S   0.0   0.0   0:00.05 migrati+
    [27] =>      22 root      20   0       0      0      0 S   0.0   0.0   0:00.27 ksoftir+
    [28] =>      24 root       0 -20       0      0      0 I   0.0   0.0   0:00.00 kworker+
    [29] =>      25 root      20   0       0      0      0 S   0.0   0.0   0:00.00 kdevtmp+
    [30] =>      26 root       0 -20       0      0      0 I   0.0   0.0   0:00.00 kworker+
    [31] =>      27 root      20   0       0      0      0 S   0.0   0.0   0:00.00 kauditd
    [32] =>      29 root      20   0       0      0      0 S   0.0   0.0   0:00.00 khungta+
    [33] =>      30 root      20   0       0      0      0 S   0.0   0.0   0:00.00 oom_rea+
    [34] =>      32 root       0 -20       0      0      0 I   0.0   0.0   0:00.00 kworker+
    [35] =>      33 root      20   0       0      0      0 S   0.0   0.0   0:00.76 kcompac+
    [36] =>      34 root      25   5       0      0      0 S   0.0   0.0   0:00.00 ksmd
    [37] =>      35 root      39  19       0      0      0 S   0.0   0.0   0:00.12 khugepa+
    [38] =>      36 root       0 -20       0      0      0 I   0.0   0.0   0:00.00 kworker+
    [39] =>      37 root       0 -20       0      0      0 I   0.0   0.0   0:00.00 kworker+
    [40] =>      38 root       0 -20       0      0      0 I   0.0   0.0   0:00.00 kworker+
    [41] =>      39 root       0 -20       0      0      0 I   0.0   0.0   0:00.00 kworker+
    [42] =>      40 root       0 -20       0      0      0 I   0.0   0.0   0:00.00 kworker+
    [43] =>      41 root       0 -20       0      0      0 I   0.0   0.0   0:00.00 kworker+
    [44] =>      42 root       0 -20       0      0      0 I   0.0   0.0   0:00.00 kworker+
    [45] =>      43 root       0 -20       0      0      0 I   0.0   0.0   0:00.00 kworker+
    [46] =>      44 root       0 -20       0      0      0 I   0.0   0.0   0:00.00 kworker+
    [47] =>      45 root     -51   0       0      0      0 S   0.0   0.0   0:00.00 watchdo+
    [48] =>      46 root       0 -20       0      0      0 I   0.0   0.0   0:00.07 kworker+
    [49] =>      47 root      20   0       0      0      0 I   0.0   0.0   0:00.27 kworker+
    [50] =>      48 root      20   0       0      0      0 S   0.0   0.0   0:00.62 kswapd0
    [51] =>      49 root       0 -20       0      0      0 I   0.0   0.0   0:00.00 kworker+
    [52] =>      50 root       0 -20       0      0      0 I   0.0   0.0   0:00.00 kworker+
    [53] =>      51 root       0 -20       0      0      0 I   0.0   0.0   0:00.00 kworker+
    [54] =>      52 root       0 -20       0      0      0 I   0.0   0.0   0:00.00 kworker+
    [55] =>      53 root       0 -20       0      0      0 I   0.0   0.0   0:00.00 kworker+
    [56] =>      54 root       0 -20       0      0      0 I   0.0   0.0   0:00.13 kworker+
    [57] =>      55 root       0 -20       0      0      0 I   0.0   0.0   0:00.00 kworker+
    [58] =>      56 root       0 -20       0      0      0 I   0.0   0.0   0:00.00 kworker+
    [59] =>      57 root       0 -20       0      0      0 I   0.0   0.0   0:00.00 kworker+
    [60] =>      58 root       0 -20       0      0      0 I   0.0   0.0   0:00.00 kworker+
    [61] =>      59 root       0 -20       0      0      0 I   0.0   0.0   0:00.00 kworker+
    [62] =>      60 root       0 -20       0      0      0 I   0.0   0.0   0:00.00 kworker+
    [63] =>      61 root      20   0       0      0      0 S   0.0   0.0   0:00.00 scsi_eh+
    [64] =>      62 root       0 -20       0      0      0 I   0.0   0.0   0:00.00 kworker+
    [65] =>      63 root      20   0       0      0      0 S   0.0   0.0   0:00.00 scsi_eh+
    [66] =>      64 root       0 -20       0      0      0 I   0.0   0.0   0:00.00 kworker+
    [67] =>      68 root       0 -20       0      0      0 I   0.0   0.0   0:00.00 kworker+
    [68] =>      69 root       0 -20       0      0      0 I   0.0   0.0   0:00.00 kworker+
    [69] =>      70 root       0 -20       0      0      0 I   0.0   0.0   0:00.00 kworker+
    [70] =>      71 root      20   0       0      0      0 I   0.0   0.0   0:00.13 kworker+
    [71] =>      76 root       0 -20       0      0      0 I   0.0   0.0   0:00.00 kworker+
    [72] =>     133 root       0 -20       0      0      0 I   0.0   0.0   0:00.00 kworker+
    [73] =>     134 root       0 -20       0      0      0 I   0.0   0.0   0:00.00 kworker+
    [74] =>     278 root       0 -20       0      0      0 I   0.0   0.0   0:00.00 kworker+
    [75] =>     298 root       0 -20       0      0      0 I   0.0   0.0   0:00.00 kworker+
    [76] =>     299 root       0 -20       0      0      0 I   0.0   0.0   0:00.00 kworker+
    [77] =>     300 root       0 -20       0      0      0 I   0.0   0.0   0:00.00 kworker+
    [78] =>     301 root       0 -20       0      0      0 I   0.0   0.0   0:00.00 kworker+
    [79] =>     302 root       0 -20       0      0      0 I   0.0   0.0   0:00.00 kworker+
    [80] =>     303 root       0 -20       0      0      0 I   0.0   0.0   0:00.00 kworker+
    [81] =>     304 root       0 -20       0      0      0 I   0.0   0.0   0:00.00 kworker+
    [82] =>     305 root      20   0       0      0      0 S   0.0   0.0   0:00.29 xfsaild+
    [83] =>     346 root      20   0       0      0      0 I   0.0   0.0   0:00.51 kworker+
    [84] =>     377 root      -2   0       0      0      0 S   0.0   0.0   0:00.00 psimon
    [85] =>     390 root      20   0   66676  18032  17392 S   0.0   1.0   0:00.63 systemd+
    [86] =>     428 root      20   0   33040   9696   7904 S   0.0   0.6   0:00.36 systemd+
    [87] =>     439 root      -2   0       0      0      0 S   0.0   0.0   0:00.00 psimon
    [88] =>     490 dbus      20   0   10776   3820   3660 S   0.0   0.2   0:00.03 dbus-br+
    [89] =>     502 dbus      20   0    5140   2692   2344 S   0.0   0.2   0:00.32 dbus-br+
    [90] =>     504 root      20   0    2536   1424   1424 S   0.0   0.1   0:00.00 acpid
    [91] =>     511 root       0 -20       0      0      0 I   0.0   0.0   0:00.00 kworker+
    [92] =>     512 root       0 -20       0      0      0 I   0.0   0.0   0:00.00 kworker+
    [93] =>     516 root      20   0    2664   1712   1712 S   0.0   0.1   0:00.00 mcelog
    [94] =>     522 root      20   0  162776   5068   4944 S   0.0   0.3   0:02.72 rngd
    [95] =>     531 root      20   0 1007484   8656   7632 S   0.0   0.5   0:01.52 rsyslogd
    [96] =>     546 root      20   0   18012   8148   7764 S   0.0   0.5   0:00.23 systemd+
    [97] =>     590 root      20   0    8640   5080   4240 S   0.0   0.3   0:00.01 pure-ft+
    [98] =>     594 root      20   0    2496   1564   1564 S   0.0   0.1   0:00.05 bt-ipfi+
    [99] =>     596 chrony    20   0   85528   3556   3372 S   0.0   0.2   0:00.02 chronyd
    [100] =>     624 redis     20   0  133660   4432   2500 S   0.0   0.3   0:02.37 redis-s+
    [101] =>     747 root      20   0  319028  20848  10332 S   0.0   1.2   0:00.10 nginx
    [102] =>     811 root      20   0   31364  13416   3924 S   0.0   0.8   0:00.25 python
    [103] =>     896 root      20   0  331436  15880  13320 S   0.0   0.9   0:00.71 Network+
    [104] =>     932 root      20   0 1509804  21528   9080 S   0.0   1.2   0:01.84 contain+
    [105] =>    1040 root      20   0 2449536  53336  26856 S   0.0   3.0   0:02.34 dockerd
    [106] =>    1055 root      20   0   15780   7804   7548 S   0.0   0.4   0:00.04 sshd
    [107] =>    1076 root      20   0    4528   2456   2328 S   0.0   0.1   0:00.00 atd
    [108] =>    1078 root      20   0    8420   2860   2604 S   0.0   0.2   0:00.02 crond
    [109] =>    1081 root      20   0   32016   6740   4608 S   0.0   0.4   0:00.28 tat_age+
    [110] =>    1083 postgres  20   0   21268  12184   9624 S   0.0   0.7   0:00.87 systemd
    [111] =>    1089 postgres  20   0   22904   1908   1852 S   0.0   0.1   0:00.00 (sd-pam)
    [112] =>    1111 root      20   0    7312   3008   3008 S   0.0   0.2   0:00.06 mysqld_+
    [113] =>    1129 root      20   0    2924   1968   1840 S   0.0   0.1   0:00.00 agetty
    [114] =>    1130 root      20   0    5492   1956   1828 S   0.0   0.1   0:00.00 agetty
    [115] =>    1165 root      20   0   86616   4324   3052 S   0.0   0.2   0:00.04 php-fpm
    [116] =>    1170 www       20   0  162252  14916  11076 S   0.0   0.9   0:00.12 php-fpm
    [117] =>    1174 www       20   0  162116  14256  10800 S   0.0   0.8   0:00.01 php-fpm
    [118] =>    1176 root      20   0   68960   5100   3048 S   0.0   0.3   0:00.04 php-fpm
    [119] =>    1179 www       20   0  162388  14800  10960 S   0.0   0.8   0:00.82 php-fpm
    [120] =>    1181 www       20   0   69572   5960   3772 S   0.0   0.3   0:00.00 php-fpm
    [121] =>    1184 www       20   0  162392  14936  11096 S   0.0   0.9   0:00.86 php-fpm
    [122] =>    1185 www       20   0   69572   5796   3736 S   0.0   0.3   0:00.00 php-fpm
    [123] =>    1187 www       20   0  162384  14816  10976 S   0.0   0.8   0:00.80 php-fpm
    [124] =>    1191 root      20   0   65172   4256   3120 S   0.0   0.2   0:00.04 php-fpm
    [125] =>    1193 www       20   0  186468  56828   9340 S   0.0   3.2   0:32.04 php-fpm
    [126] =>    1194 www       20   0   69572   5796   3736 S   0.0   0.3   0:00.00 php-fpm
    [127] =>    1195 www       20   0   69572   5960   3772 S   0.0   0.3   0:00.00 php-fpm
    [128] =>    1197 root      20   0   79452   4864   3328 S   0.0   0.3   0:00.04 php-fpm
    [129] =>    1201 www       20   0  186468  56928   9324 S   0.0   3.3   0:31.52 php-fpm
    [130] =>    1202 www       20   0  186464  56916   9340 S   0.0   3.3   0:31.84 php-fpm
    [131] =>    1208 www       20   0   80116   5936   4260 S   0.0   0.3   0:00.00 php-fpm
    [132] =>    1210 www       20   0  186492  56820   9324 S   0.0   3.2   0:31.62 php-fpm
    [133] =>    1215 root      20   0   83808   5380   2888 S   0.0   0.3   0:00.04 php-fpm
    [134] =>    1216 root      20   0   98256   4716   3016 S   0.0   0.3   0:00.04 php-fpm
    [135] =>    1217 root      20   0   86196   5552   2988 S   0.0   0.3   0:00.04 php-fpm
    [136] =>    1218 www       20   0   69572   5960   3772 S   0.0   0.3   0:00.00 php-fpm
    [137] =>    1220 www       20   0   80116   5876   4248 S   0.0   0.3   0:00.00 php-fpm
    [138] =>    1221 www       20   0   80116   5792   4244 S   0.0   0.3   0:00.00 php-fpm
    [139] =>    1222 www       20   0   80116   5924   4248 S   0.0   0.3   0:00.00 php-fpm
    [140] =>    1223 www       20   0  186468  57816   9340 S   0.0   3.3   0:31.67 php-fpm
    [141] =>    1229 www       20   0   84440   6544   4036 S   0.0   0.4   0:00.00 php-fpm
    [142] =>    1230 www       20   0   84440   6544   4036 S   0.0   0.4   0:00.00 php-fpm
    [143] =>    1234 www       20   0   86824   6776   4076 S   0.0   0.4   0:00.00 php-fpm
    [144] =>    1236 www       20   0   98800   6148   4180 S   0.0   0.4   0:00.00 php-fpm
    [145] =>    1237 www       20   0   98800   6000   4160 S   0.0   0.3   0:00.00 php-fpm
    [146] =>    1245 www       20   0   86824   6808   4108 S   0.0   0.4   0:00.00 php-fpm
    [147] =>    1247 root      20   0   48872   2292   1996 S   0.0   0.1   0:00.00 master
    [148] =>    1252 www       20   0   80116   5808   4260 S   0.0   0.3   0:00.00 php-fpm
    [149] =>    1255 www       20   0   98800   6148   4180 S   0.0   0.4   0:00.00 php-fpm
    [150] =>    1257 www       20   0   84440   6656   4164 S   0.0   0.4   0:00.00 php-fpm
    [151] =>    1260 www       20   0   86824   6788   4088 S   0.0   0.4   0:00.00 php-fpm
    [152] =>    1261 www       20   0   86824   6788   4088 S   0.0   0.4   0:00.00 php-fpm
    [153] =>    1266 www       20   0   98800   6148   4180 S   0.0   0.4   0:00.00 php-fpm
    [154] =>    1268 www       20   0   84440   6672   4164 S   0.0   0.4   0:00.00 php-fpm
    [155] =>    1269 www       20   0   84440   6584   4076 S   0.0   0.4   0:00.00 php-fpm
    [156] =>    1276 postgres  20   0  200704  12116  11604 S   0.0   0.7   0:00.02 postgres
    [157] =>    1277 www       20   0   98800   6148   4180 S   0.0   0.4   0:00.00 php-fpm
    [158] =>    1282 www       20   0   86828   6788   4088 S   0.0   0.4   0:00.00 php-fpm
    [159] =>    1283 postfix   20   0   49344   6624   5856 S   0.0   0.4   0:00.00 pickup
    [160] =>    1284 postfix   20   0   49392   6176   5664 S   0.0   0.4   0:00.00 qmgr
    [161] =>    1306 postgres  20   0   54680   2464   2000 S   0.0   0.1   0:00.00 postgres
    [162] =>    1315 postgres  20   0  200848   5964   5492 S   0.0   0.3   0:00.00 postgres
    [163] =>    1316 postgres  20   0  200840   4144   3672 S   0.0   0.2   0:00.01 postgres
    [164] =>    1324 postgres  20   0  200840   7088   6616 S   0.0   0.4   0:00.01 postgres
    [165] =>    1325 postgres  20   0  202312   5320   4592 S   0.0   0.3   0:00.00 postgres
    [166] =>    1326 postgres  20   0  202296   4936   4208 S   0.0   0.3   0:00.00 postgres
    [167] =>    1370 root      20   0  255292  31904  14644 S   0.0   1.8   0:04.56 BT-Panel
    [168] =>    1558 root      20   0       0      0      0 I   0.0   0.0   0:00.05 kworker+
    [169] =>    2090 www       20   0  186480  58256   9492 S   0.0   3.3   0:31.61 php-fpm
    [170] =>    2345 mysql     20   0 1576848  14888  10940 S   0.0   0.9   0:05.43 mysqld
    [171] =>    2367 root      20   0 1745660   3928   2264 S   0.0   0.2   0:03.20 docker-+
    [172] =>    2449 root      20   0 1146440  17968  11648 S   0.0   1.0   0:05.91 BT-Task
    [173] =>    2510 root      20   0 1544540   5780   2984 S   0.0   0.3   0:00.17 contain+
    [174] =>    2511 root      20   0 1544796   6004   3240 S   0.0   0.3   0:00.15 contain+
    [175] =>    2578 systemd+  20   0 1209600  11968   1432 S   0.0   0.7   0:00.28 mariadbd
    [176] =>    2592 systemd+  20   0 1553812  15728   6856 S   0.0   0.9   0:09.32 mariadbd
    [177] =>    2741 www       20   0  186480  56932   9340 S   0.0   3.3   0:31.47 php-fpm
    [178] =>    3346 root       0 -20       0      0      0 I   0.0   0.0   0:00.00 kworker+
    [179] =>    3478 www       20   0  186460  56916   9428 S   0.0   3.3   0:31.26 php-fpm
    [180] =>    3872 root      20   0 1312708   8636   6080 S   0.0   0.5   0:00.44 YDLive
    [181] =>    4036 root      20   0   80460   3380   3124 S   0.0   0.2   0:00.23 sgagent
    [182] =>    4069 root      20   0   40160   3548   2464 S   0.0   0.2   0:00.02 barad_a+
    [183] =>    4070 root      20   0   43676   7832   3772 S   0.0   0.4   0:01.26 barad_a+
    [184] =>    4071 root      20   0  630196  14276   5220 S   0.0   0.8   0:14.56 barad_a+
    [185] =>    4106 www       20   0  186484  56976   9428 S   0.0   3.3   0:28.61 php-fpm
    [186] =>    4958 root      20   0   21284  12340   9780 S   0.0   0.7   0:00.59 systemd
    [187] =>    4959 root      20   0   22796   2776   1832 S   0.0   0.2   0:00.00 (sd-pam)
    [188] =>    4966 root      -2   0       0      0      0 S   0.0   0.0   0:00.00 psimon
    [189] =>    5287 root      20   0 2742824  10068   7776 S   0.0   0.6   0:00.01 php
    [190] =>    5288 root      20   0 2742824   8736   6444 S   0.0   0.5   0:00.00 php
    [191] =>    5289 root      20   0 2742824  11000   8708 S   0.0   0.6   0:00.35 php
    [192] =>    5447 root      20   0 1024824  49992  15120 S   0.0   2.9   0:17.82 YDServi+
    [193] =>    9647 root      20   0       0      0      0 I   0.0   0.0   0:00.17 kworker+
    [194] =>   10128 root      20   0       0      0      0 I   0.0   0.0   0:00.17 kworker+
    [195] =>   14389 root      20   0       0      0      0 I   0.0   0.0   0:00.02 kworker+
    [196] =>   14582 www       20   0  162256  14472  10904 S   0.0   0.8   0:00.43 php-fpm
    [197] =>   16872 root      20   0       0      0      0 I   0.0   0.0   0:00.00 kworker+
    [198] =>   17376 www       20   0  350192  21076   8132 S   0.0   1.2   0:00.02 nginx
    [199] =>   17377 www       20   0  365632  25436  10724 S   0.0   1.5   0:01.81 nginx
    [200] =>   17378 www       20   0  315584  11316   4904 S   0.0   0.6   0:00.00 nginx
    [201] =>   17385 root      20   0  561296   5040   3548 S   0.0   0.3   0:00.14 nginx_b+
    [202] =>   18482 root      20   0       0      0      0 I   0.0   0.0   0:00.00 kworker+
    [203] =>   22481 root      20   0       0      0      0 I   0.0   0.0   0:00.06 kworker+
    [204] =>   22604 www       20   0  559860  33200      0 S   0.0   1.9   0:00.33 linuxX8+
    [205] =>   23756 root      20   0       0      0      0 I   0.0   0.0   0:00.01 kworker+
    [206] =>   27016 root      20   0       0      0      0 I   0.0   0.0   0:00.00 kworker+
    [207] =>   27275 root      20   0 2739020  11156   3652 S   0.0   0.6   0:00.00 php-fpm
    [208] =>   27276 www       20   0 2739812 111560 101944 S   0.0   6.4   0:00.37 php-fpm
    [209] =>   27277 www       20   0 2739812  64884  55588 S   0.0   3.7   0:00.04 php-fpm
    [210] =>   27278 www       20   0 2739812  58564  49780 S   0.0   3.3   0:00.03 php-fpm
    [211] =>   27279 www       20   0 2739812  45212  36684 S   0.0   2.6   0:00.02 php-fpm
    [212] =>   27280 www       20   0 2739816  42760  34360 S   0.0   2.4   0:00.02 php-fpm
    [213] =>   27308 www       20   0 2739816  44432  36032 S   0.0   2.5   0:00.02 php-fpm
    [214] =>   27366 www       20   0    8900   5148   3100 R   0.0   0.3   0:00.00 top
)
Array
(
    [0] => top - 00:05:00 up 28 min,  3 users,  load average: 0.28, 0.34, 0.30
    [1] => Tasks: 207 total,   1 running, 206 sleeping,   0 stopped,   0 zombie
    [2] => %Cpu(s):  0.0 us,  0.0 sy,  0.0 ni,100.0 id,  0.0 wa,  0.0 hi,  0.0 si,  0.0 st
    [3] => MiB Mem :   1709.0 total,    253.9 free,   1141.3 used,    571.6 buff/cache
    [4] => MiB Swap:   2048.0 total,   1237.3 free,    810.7 used.    567.6 avail Mem
    [5] => 
    [6] =>     PID USER      PR  NI    VIRT    RES    SHR S  %CPU  %MEM     TIME+ COMMAND
    [7] =>    2592 systemd+  20   0 1553812  15728   6856 S   9.1   0.9   0:09.37 mariadbd
    [8] =>       1 root      20   0   31956  12592   9648 S   0.0   0.7   0:02.56 systemd
    [9] =>       2 root      20   0       0      0      0 S   0.0   0.0   0:00.00 kthreadd
    [10] =>       3 root      20   0       0      0      0 S   0.0   0.0   0:00.00 pool_wo+
    [11] =>       4 root       0 -20       0      0      0 I   0.0   0.0   0:00.00 kworker+
    [12] =>       5 root       0 -20       0      0      0 I   0.0   0.0   0:00.00 kworker+
    [13] =>       6 root       0 -20       0      0      0 I   0.0   0.0   0:00.00 kworker+
    [14] =>       7 root       0 -20       0      0      0 I   0.0   0.0   0:00.00 kworker+
    [15] =>       9 root       0 -20       0      0      0 I   0.0   0.0   0:00.00 kworker+
    [16] =>      11 root      20   0       0      0      0 I   0.0   0.0   0:00.15 kworker+
    [17] =>      12 root       0 -20       0      0      0 I   0.0   0.0   0:00.00 kworker+
    [18] =>      13 root      20   0       0      0      0 I   0.0   0.0   0:00.00 rcu_tas+
    [19] =>      14 root      20   0       0      0      0 I   0.0   0.0   0:00.00 rcu_tas+
    [20] =>      15 root      20   0       0      0      0 I   0.0   0.0   0:00.00 rcu_tas+
    [21] =>      16 root      20   0       0      0      0 S   0.0   0.0   0:00.27 ksoftir+
    [22] =>      17 root      20   0       0      0      0 I   0.0   0.0   0:01.24 rcu_pre+
    [23] =>      18 root      rt   0       0      0      0 S   0.0   0.0   0:00.01 migrati+
    [24] =>      19 root      20   0       0      0      0 S   0.0   0.0   0:00.00 cpuhp/0
    [25] =>      20 root      20   0       0      0      0 S   0.0   0.0   0:00.00 cpuhp/1
    [26] =>      21 root      rt   0       0      0      0 S   0.0   0.0   0:00.05 migrati+
    [27] =>      22 root      20   0       0      0      0 S   0.0   0.0   0:00.27 ksoftir+
    [28] =>      24 root       0 -20       0      0      0 I   0.0   0.0   0:00.00 kworker+
    [29] =>      25 root      20   0       0      0      0 S   0.0   0.0   0:00.00 kdevtmp+
    [30] =>      26 root       0 -20       0      0      0 I   0.0   0.0   0:00.00 kworker+
    [31] =>      27 root      20   0       0      0      0 S   0.0   0.0   0:00.00 kauditd
    [32] =>      29 root      20   0       0      0      0 S   0.0   0.0   0:00.00 khungta+
    [33] =>      30 root      20   0       0      0      0 S   0.0   0.0   0:00.00 oom_rea+
    [34] =>      32 root       0 -20       0      0      0 I   0.0   0.0   0:00.00 kworker+
    [35] =>      33 root      20   0       0      0      0 S   0.0   0.0   0:00.79 kcompac+
    [36] =>      34 root      25   5       0      0      0 S   0.0   0.0   0:00.00 ksmd
    [37] =>      35 root      39  19       0      0      0 S   0.0   0.0   0:00.12 khugepa+
    [38] =>      36 root       0 -20       0      0      0 I   0.0   0.0   0:00.00 kworker+
    [39] =>      37 root       0 -20       0      0      0 I   0.0   0.0   0:00.00 kworker+
    [40] =>      38 root       0 -20       0      0      0 I   0.0   0.0   0:00.00 kworker+
    [41] =>      39 root       0 -20       0      0      0 I   0.0   0.0   0:00.00 kworker+
    [42] =>      40 root       0 -20       0      0      0 I   0.0   0.0   0:00.00 kworker+
    [43] =>      41 root       0 -20       0      0      0 I   0.0   0.0   0:00.00 kworker+
    [44] =>      42 root       0 -20       0      0      0 I   0.0   0.0   0:00.00 kworker+
    [45] =>      43 root       0 -20       0      0      0 I   0.0   0.0   0:00.00 kworker+
    [46] =>      44 root       0 -20       0      0      0 I   0.0   0.0   0:00.00 kworker+
    [47] =>      45 root     -51   0       0      0      0 S   0.0   0.0   0:00.00 watchdo+
    [48] =>      46 root       0 -20       0      0      0 I   0.0   0.0   0:00.08 kworker+
    [49] =>      47 root      20   0       0      0      0 I   0.0   0.0   0:00.27 kworker+
    [50] =>      48 root      20   0       0      0      0 S   0.0   0.0   0:00.62 kswapd0
    [51] =>      49 root       0 -20       0      0      0 I   0.0   0.0   0:00.00 kworker+
    [52] =>      50 root       0 -20       0      0      0 I   0.0   0.0   0:00.00 kworker+
    [53] =>      51 root       0 -20       0      0      0 I   0.0   0.0   0:00.00 kworker+
    [54] =>      52 root       0 -20       0      0      0 I   0.0   0.0   0:00.00 kworker+
    [55] =>      53 root       0 -20       0      0      0 I   0.0   0.0   0:00.00 kworker+
    [56] =>      54 root       0 -20       0      0      0 I   0.0   0.0   0:00.13 kworker+
    [57] =>      55 root       0 -20       0      0      0 I   0.0   0.0   0:00.00 kworker+
    [58] =>      56 root       0 -20       0      0      0 I   0.0   0.0   0:00.00 kworker+
    [59] =>      57 root       0 -20       0      0      0 I   0.0   0.0   0:00.00 kworker+
    [60] =>      58 root       0 -20       0      0      0 I   0.0   0.0   0:00.00 kworker+
    [61] =>      59 root       0 -20       0      0      0 I   0.0   0.0   0:00.00 kworker+
    [62] =>      60 root       0 -20       0      0      0 I   0.0   0.0   0:00.00 kworker+
    [63] =>      61 root      20   0       0      0      0 S   0.0   0.0   0:00.00 scsi_eh+
    [64] =>      62 root       0 -20       0      0      0 I   0.0   0.0   0:00.00 kworker+
    [65] =>      63 root      20   0       0      0      0 S   0.0   0.0   0:00.00 scsi_eh+
    [66] =>      64 root       0 -20       0      0      0 I   0.0   0.0   0:00.00 kworker+
    [67] =>      68 root       0 -20       0      0      0 I   0.0   0.0   0:00.00 kworker+
    [68] =>      69 root       0 -20       0      0      0 I   0.0   0.0   0:00.00 kworker+
    [69] =>      70 root       0 -20       0      0      0 I   0.0   0.0   0:00.00 kworker+
    [70] =>      71 root      20   0       0      0      0 I   0.0   0.0   0:00.13 kworker+
    [71] =>      76 root       0 -20       0      0      0 I   0.0   0.0   0:00.00 kworker+
    [72] =>     133 root       0 -20       0      0      0 I   0.0   0.0   0:00.00 kworker+
    [73] =>     134 root       0 -20       0      0      0 I   0.0   0.0   0:00.00 kworker+
    [74] =>     278 root       0 -20       0      0      0 I   0.0   0.0   0:00.00 kworker+
    [75] =>     298 root       0 -20       0      0      0 I   0.0   0.0   0:00.00 kworker+
    [76] =>     299 root       0 -20       0      0      0 I   0.0   0.0   0:00.00 kworker+
    [77] =>     300 root       0 -20       0      0      0 I   0.0   0.0   0:00.00 kworker+
    [78] =>     301 root       0 -20       0      0      0 I   0.0   0.0   0:00.00 kworker+
    [79] =>     302 root       0 -20       0      0      0 I   0.0   0.0   0:00.00 kworker+
    [80] =>     303 root       0 -20       0      0      0 I   0.0   0.0   0:00.00 kworker+
    [81] =>     304 root       0 -20       0      0      0 I   0.0   0.0   0:00.00 kworker+
    [82] =>     305 root      20   0       0      0      0 S   0.0   0.0   0:00.30 xfsaild+
    [83] =>     346 root      20   0       0      0      0 I   0.0   0.0   0:00.52 kworker+
    [84] =>     377 root      -2   0       0      0      0 S   0.0   0.0   0:00.00 psimon
    [85] =>     390 root      20   0   66676  18032  17392 S   0.0   1.0   0:00.63 systemd+
    [86] =>     428 root      20   0   33040   9696   7904 S   0.0   0.6   0:00.36 systemd+
    [87] =>     439 root      -2   0       0      0      0 S   0.0   0.0   0:00.00 psimon
    [88] =>     490 dbus      20   0   10776   3820   3660 S   0.0   0.2   0:00.03 dbus-br+
    [89] =>     502 dbus      20   0    5140   2692   2344 S   0.0   0.2   0:00.32 dbus-br+
    [90] =>     504 root      20   0    2536   1424   1424 S   0.0   0.1   0:00.00 acpid
    [91] =>     511 root       0 -20       0      0      0 I   0.0   0.0   0:00.00 kworker+
    [92] =>     512 root       0 -20       0      0      0 I   0.0   0.0   0:00.00 kworker+
    [93] =>     516 root      20   0    2664   1712   1712 S   0.0   0.1   0:00.00 mcelog
    [94] =>     522 root      20   0  162776   5068   4944 S   0.0   0.3   0:02.72 rngd
    [95] =>     531 root      20   0 1007484   8656   7632 S   0.0   0.5   0:01.53 rsyslogd
    [96] =>     546 root      20   0   18012   8148   7764 S   0.0   0.5   0:00.23 systemd+
    [97] =>     590 root      20   0    8640   5080   4240 S   0.0   0.3   0:00.01 pure-ft+
    [98] =>     594 root      20   0    2496   1564   1564 S   0.0   0.1   0:00.05 bt-ipfi+
    [99] =>     596 chrony    20   0   85528   3556   3372 S   0.0   0.2   0:00.02 chronyd
    [100] =>     624 redis     20   0  133660   4432   2500 S   0.0   0.3   0:02.39 redis-s+
    [101] =>     747 root      20   0  319028  20848  10332 S   0.0   1.2   0:00.10 nginx
    [102] =>     811 root      20   0   31364  13416   3924 S   0.0   0.8   0:00.25 python
    [103] =>     896 root      20   0  331436  15880  13320 S   0.0   0.9   0:00.71 Network+
    [104] =>     932 root      20   0 1509804  21528   9080 S   0.0   1.2   0:01.85 contain+
    [105] =>    1040 root      20   0 2449536  53336  26856 S   0.0   3.0   0:02.34 dockerd
    [106] =>    1055 root      20   0   15780   7804   7548 S   0.0   0.4   0:00.04 sshd
    [107] =>    1076 root      20   0    4528   2456   2328 S   0.0   0.1   0:00.00 atd
    [108] =>    1078 root      20   0    8420   2860   2604 S   0.0   0.2   0:00.02 crond
    [109] =>    1081 root      20   0   32016   6740   4608 S   0.0   0.4   0:00.28 tat_age+
    [110] =>    1083 postgres  20   0   21268  12184   9624 S   0.0   0.7   0:00.87 systemd
    [111] =>    1089 postgres  20   0   22904   1908   1852 S   0.0   0.1   0:00.00 (sd-pam)
    [112] =>    1111 root      20   0    7312   3008   3008 S   0.0   0.2   0:00.06 mysqld_+
    [113] =>    1129 root      20   0    2924   1968   1840 S   0.0   0.1   0:00.00 agetty
    [114] =>    1130 root      20   0    5492   1956   1828 S   0.0   0.1   0:00.00 agetty
    [115] =>    1165 root      20   0   86616   4324   3052 S   0.0   0.2   0:00.04 php-fpm
    [116] =>    1170 www       20   0  162252  14916  11076 S   0.0   0.9   0:00.12 php-fpm
    [117] =>    1174 www       20   0  162116  14256  10800 S   0.0   0.8   0:00.01 php-fpm
    [118] =>    1176 root      20   0   68960   5100   3048 S   0.0   0.3   0:00.04 php-fpm
    [119] =>    1179 www       20   0  162388  14800  10960 S   0.0   0.8   0:00.82 php-fpm
    [120] =>    1181 www       20   0   69572   5960   3772 S   0.0   0.3   0:00.00 php-fpm
    [121] =>    1184 www       20   0  162392  14936  11096 S   0.0   0.9   0:00.86 php-fpm
    [122] =>    1185 www       20   0   69572   5796   3736 S   0.0   0.3   0:00.00 php-fpm
    [123] =>    1187 www       20   0  162384  14816  10976 S   0.0   0.8   0:00.80 php-fpm
    [124] =>    1191 root      20   0   65172   4256   3120 S   0.0   0.2   0:00.04 php-fpm
    [125] =>    1193 www       20   0  186468  56828   9340 S   0.0   3.2   0:32.23 php-fpm
    [126] =>    1194 www       20   0   69572   5796   3736 S   0.0   0.3   0:00.00 php-fpm
    [127] =>    1195 www       20   0   69572   5960   3772 S   0.0   0.3   0:00.00 php-fpm
    [128] =>    1197 root      20   0   79452   4864   3328 S   0.0   0.3   0:00.04 php-fpm
    [129] =>    1201 www       20   0  186468  56928   9324 S   0.0   3.3   0:31.66 php-fpm
    [130] =>    1202 www       20   0  186464  56916   9340 S   0.0   3.3   0:31.98 php-fpm
    [131] =>    1208 www       20   0   80116   5936   4260 S   0.0   0.3   0:00.00 php-fpm
    [132] =>    1210 www       20   0  186492  56820   9324 S   0.0   3.2   0:31.76 php-fpm
    [133] =>    1215 root      20   0   83808   5380   2888 S   0.0   0.3   0:00.04 php-fpm
    [134] =>    1216 root      20   0   98256   4716   3016 S   0.0   0.3   0:00.04 php-fpm
    [135] =>    1217 root      20   0   86196   5552   2988 S   0.0   0.3   0:00.04 php-fpm
    [136] =>    1218 www       20   0   69572   5960   3772 S   0.0   0.3   0:00.00 php-fpm
    [137] =>    1220 www       20   0   80116   5876   4248 S   0.0   0.3   0:00.00 php-fpm
    [138] =>    1221 www       20   0   80116   5792   4244 S   0.0   0.3   0:00.00 php-fpm
    [139] =>    1222 www       20   0   80116   5924   4248 S   0.0   0.3   0:00.00 php-fpm
    [140] =>    1223 www       20   0  186468  57816   9340 S   0.0   3.3   0:31.82 php-fpm
    [141] =>    1229 www       20   0   84440   6544   4036 S   0.0   0.4   0:00.00 php-fpm
    [142] =>    1230 www       20   0   84440   6544   4036 S   0.0   0.4   0:00.00 php-fpm
    [143] =>    1234 www       20   0   86824   6776   4076 S   0.0   0.4   0:00.00 php-fpm
    [144] =>    1236 www       20   0   98800   6148   4180 S   0.0   0.4   0:00.00 php-fpm
    [145] =>    1237 www       20   0   98800   6000   4160 S   0.0   0.3   0:00.00 php-fpm
    [146] =>    1245 www       20   0   86824   6808   4108 S   0.0   0.4   0:00.00 php-fpm
    [147] =>    1247 root      20   0   48872   2292   1996 S   0.0   0.1   0:00.00 master
    [148] =>    1252 www       20   0   80116   5808   4260 S   0.0   0.3   0:00.00 php-fpm
    [149] =>    1255 www       20   0   98800   6148   4180 S   0.0   0.4   0:00.00 php-fpm
    [150] =>    1257 www       20   0   84440   6656   4164 S   0.0   0.4   0:00.00 php-fpm
    [151] =>    1260 www       20   0   86824   6788   4088 S   0.0   0.4   0:00.00 php-fpm
    [152] =>    1261 www       20   0   86824   6788   4088 S   0.0   0.4   0:00.00 php-fpm
    [153] =>    1266 www       20   0   98800   6148   4180 S   0.0   0.4   0:00.00 php-fpm
    [154] =>    1268 www       20   0   84440   6672   4164 S   0.0   0.4   0:00.00 php-fpm
    [155] =>    1269 www       20   0   84440   6584   4076 S   0.0   0.4   0:00.00 php-fpm
    [156] =>    1276 postgres  20   0  200704  12116  11604 S   0.0   0.7   0:00.02 postgres
    [157] =>    1277 www       20   0   98800   6148   4180 S   0.0   0.4   0:00.00 php-fpm
    [158] =>    1282 www       20   0   86828   6788   4088 S   0.0   0.4   0:00.00 php-fpm
    [159] =>    1283 postfix   20   0   49344   6624   5856 S   0.0   0.4   0:00.00 pickup
    [160] =>    1284 postfix   20   0   49392   6176   5664 S   0.0   0.4   0:00.00 qmgr
    [161] =>    1306 postgres  20   0   54680   2464   2000 S   0.0   0.1   0:00.00 postgres
    [162] =>    1315 postgres  20   0  200848   5964   5492 S   0.0   0.3   0:00.00 postgres
    [163] =>    1316 postgres  20   0  200840   4144   3672 S   0.0   0.2   0:00.01 postgres
    [164] =>    1324 postgres  20   0  200840   7088   6616 S   0.0   0.4   0:00.01 postgres
    [165] =>    1325 postgres  20   0  202312   5320   4592 S   0.0   0.3   0:00.00 postgres
    [166] =>    1326 postgres  20   0  202296   4936   4208 S   0.0   0.3   0:00.00 postgres
    [167] =>    1370 root      20   0  255292  31904  14644 S   0.0   1.8   0:04.56 BT-Panel
    [168] =>    1558 root      20   0       0      0      0 I   0.0   0.0   0:00.05 kworker+
    [169] =>    2090 www       20   0  186480  58256   9492 S   0.0   3.3   0:31.75 php-fpm
    [170] =>    2345 mysql     20   0 1576848  14888  10940 S   0.0   0.9   0:05.46 mysqld
    [171] =>    2367 root      20   0 1745660   3928   2264 S   0.0   0.2   0:03.22 docker-+
    [172] =>    2449 root      20   0 1146440  17968  11648 S   0.0   1.0   0:05.91 BT-Task
    [173] =>    2510 root      20   0 1544540   5780   2984 S   0.0   0.3   0:00.17 contain+
    [174] =>    2511 root      20   0 1544796   6004   3240 S   0.0   0.3   0:00.15 contain+
    [175] =>    2578 systemd+  20   0 1209600  11968   1432 S   0.0   0.7   0:00.28 mariadbd
    [176] =>    2741 www       20   0  186480  56932   9340 S   0.0   3.3   0:31.65 php-fpm
    [177] =>    3346 root       0 -20       0      0      0 I   0.0   0.0   0:00.00 kworker+
    [178] =>    3478 www       20   0  186460  56916   9428 S   0.0   3.3   0:31.26 php-fpm
    [179] =>    3872 root      20   0 1312708   8636   6080 S   0.0   0.5   0:00.44 YDLive
    [180] =>    4036 root      20   0   80460   3380   3124 S   0.0   0.2   0:00.23 sgagent
    [181] =>    4069 root      20   0   40160   3548   2464 S   0.0   0.2   0:00.02 barad_a+
    [182] =>    4070 root      20   0   43676   7832   3772 S   0.0   0.4   0:01.28 barad_a+
    [183] =>    4071 root      20   0  630196  14276   5220 S   0.0   0.8   0:14.64 barad_a+
    [184] =>    4106 www       20   0  186484  56984   9428 S   0.0   3.3   0:28.75 php-fpm
    [185] =>    4958 root      20   0   21284  12340   9780 S   0.0   0.7   0:00.59 systemd
    [186] =>    4959 root      20   0   22796   2776   1832 S   0.0   0.2   0:00.00 (sd-pam)
    [187] =>    4966 root      -2   0       0      0      0 S   0.0   0.0   0:00.00 psimon
    [188] =>    5287 root      20   0 2742824  10068   7776 S   0.0   0.6   0:00.01 php
    [189] =>    5288 root      20   0 2742824   8736   6444 S   0.0   0.5   0:00.00 php
    [190] =>    5289 root      20   0 2742824  11000   8708 S   0.0   0.6   0:00.36 php
    [191] =>    5447 root      20   0 1024824  49992  15120 S   0.0   2.9   0:17.93 YDServi+
    [192] =>    9647 root      20   0       0      0      0 I   0.0   0.0   0:00.17 kworker+
    [193] =>   10128 root      20   0       0      0      0 I   0.0   0.0   0:00.17 kworker+
    [194] =>   14389 root      20   0       0      0      0 I   0.0   0.0   0:00.03 kworker+
    [195] =>   14582 www       20   0  162256  14472  10904 S   0.0   0.8   0:00.43 php-fpm
    [196] =>   16872 root      20   0       0      0      0 I   0.0   0.0   0:00.00 kworker+
    [197] =>   17376 www       20   0  350192  21076   8132 S   0.0   1.2   0:00.02 nginx
    [198] =>   17377 www       20   0  365632  25304  10724 S   0.0   1.4   0:01.84 nginx
    [199] =>   17378 www       20   0  315584  11316   4904 S   0.0   0.6   0:00.00 nginx
    [200] =>   17385 root      20   0  561296   5040   3548 S   0.0   0.3   0:00.14 nginx_b+
    [201] =>   18482 root      20   0       0      0      0 I   0.0   0.0   0:00.00 kworker+
    [202] =>   22481 root      20   0       0      0      0 I   0.0   0.0   0:00.07 kworker+
    [203] =>   22604 www       20   0  559860  33200      0 S   0.0   1.9   0:00.33 linuxX8+
    [204] =>   23756 root      20   0       0      0      0 I   0.0   0.0   0:00.01 kworker+
    [205] =>   27016 root      20   0       0      0      0 I   0.0   0.0   0:00.00 kworker+
    [206] =>   27275 root      20   0 2739020  11156   3652 S   0.0   0.6   0:00.00 php-fpm
    [207] =>   27276 www       20   0 2739812 113096 103480 S   0.0   6.5   0:00.40 php-fpm
    [208] =>   27277 www       20   0 2739812  64884  55588 S   0.0   3.7   0:00.06 php-fpm
    [209] =>   27278 www       20   0 2739812  58692  49908 S   0.0   3.4   0:00.05 php-fpm
    [210] =>   27279 www       20   0 2739812  45212  36684 S   0.0   2.6   0:00.04 php-fpm
    [211] =>   27280 www       20   0 2739816  44040  35512 S   0.0   2.5   0:00.05 php-fpm
    [212] =>   27308 www       20   0 2739816  46608  38080 S   0.0   2.7   0:00.04 php-fpm
    [213] =>   27446 www       20   0    8900   5148   3100 R   0.0   0.3   0:00.00 top
)
Array
(
    [0] => top - 00:06:13 up 29 min,  3 users,  load average: 0.11, 0.28, 0.28
    [1] => Tasks: 207 total,   1 running, 206 sleeping,   0 stopped,   0 zombie
    [2] => %Cpu(s): 76.2 us,  4.8 sy,  0.0 ni, 19.0 id,  0.0 wa,  0.0 hi,  0.0 si,  0.0 st
    [3] => MiB Mem :   1709.0 total,    242.6 free,   1144.9 used,    579.0 buff/cache
    [4] => MiB Swap:   2048.0 total,   1237.8 free,    810.2 used.    564.0 avail Mem
    [5] => 
    [6] =>     PID USER      PR  NI    VIRT    RES    SHR S  %CPU  %MEM     TIME+ COMMAND
    [7] =>    4106 www       20   0  186484  56984   9428 S  18.2   3.3   0:30.24 php-fpm
    [8] =>    2367 root      20   0 1745660   3928   2264 S   9.1   0.2   0:03.38 docker-+
    [9] =>   28169 www       20   0    8900   5172   3124 R   9.1   0.3   0:00.01 top
    [10] =>       1 root      20   0   31956  12592   9648 S   0.0   0.7   0:02.60 systemd
    [11] =>       2 root      20   0       0      0      0 S   0.0   0.0   0:00.00 kthreadd
    [12] =>       3 root      20   0       0      0      0 S   0.0   0.0   0:00.00 pool_wo+
    [13] =>       4 root       0 -20       0      0      0 I   0.0   0.0   0:00.00 kworker+
    [14] =>       5 root       0 -20       0      0      0 I   0.0   0.0   0:00.00 kworker+
    [15] =>       6 root       0 -20       0      0      0 I   0.0   0.0   0:00.00 kworker+
    [16] =>       7 root       0 -20       0      0      0 I   0.0   0.0   0:00.00 kworker+
    [17] =>       9 root       0 -20       0      0      0 I   0.0   0.0   0:00.00 kworker+
    [18] =>      11 root      20   0       0      0      0 I   0.0   0.0   0:00.15 kworker+
    [19] =>      12 root       0 -20       0      0      0 I   0.0   0.0   0:00.00 kworker+
    [20] =>      13 root      20   0       0      0      0 I   0.0   0.0   0:00.00 rcu_tas+
    [21] =>      14 root      20   0       0      0      0 I   0.0   0.0   0:00.00 rcu_tas+
    [22] =>      15 root      20   0       0      0      0 I   0.0   0.0   0:00.00 rcu_tas+
    [23] =>      16 root      20   0       0      0      0 S   0.0   0.0   0:00.28 ksoftir+
    [24] =>      17 root      20   0       0      0      0 I   0.0   0.0   0:01.29 rcu_pre+
    [25] =>      18 root      rt   0       0      0      0 S   0.0   0.0   0:00.01 migrati+
    [26] =>      19 root      20   0       0      0      0 S   0.0   0.0   0:00.00 cpuhp/0
    [27] =>      20 root      20   0       0      0      0 S   0.0   0.0   0:00.00 cpuhp/1
    [28] =>      21 root      rt   0       0      0      0 S   0.0   0.0   0:00.05 migrati+
    [29] =>      22 root      20   0       0      0      0 S   0.0   0.0   0:00.28 ksoftir+
    [30] =>      24 root       0 -20       0      0      0 I   0.0   0.0   0:00.00 kworker+
    [31] =>      25 root      20   0       0      0      0 S   0.0   0.0   0:00.00 kdevtmp+
    [32] =>      26 root       0 -20       0      0      0 I   0.0   0.0   0:00.00 kworker+
    [33] =>      27 root      20   0       0      0      0 S   0.0   0.0   0:00.00 kauditd
    [34] =>      29 root      20   0       0      0      0 S   0.0   0.0   0:00.00 khungta+
    [35] =>      30 root      20   0       0      0      0 S   0.0   0.0   0:00.00 oom_rea+
    [36] =>      32 root       0 -20       0      0      0 I   0.0   0.0   0:00.00 kworker+
    [37] =>      33 root      20   0       0      0      0 S   0.0   0.0   0:00.81 kcompac+
    [38] =>      34 root      25   5       0      0      0 S   0.0   0.0   0:00.00 ksmd
    [39] =>      35 root      39  19       0      0      0 S   0.0   0.0   0:00.13 khugepa+
    [40] =>      36 root       0 -20       0      0      0 I   0.0   0.0   0:00.00 kworker+
    [41] =>      37 root       0 -20       0      0      0 I   0.0   0.0   0:00.00 kworker+
    [42] =>      38 root       0 -20       0      0      0 I   0.0   0.0   0:00.00 kworker+
    [43] =>      39 root       0 -20       0      0      0 I   0.0   0.0   0:00.00 kworker+
    [44] =>      40 root       0 -20       0      0      0 I   0.0   0.0   0:00.00 kworker+
    [45] =>      41 root       0 -20       0      0      0 I   0.0   0.0   0:00.00 kworker+
    [46] =>      42 root       0 -20       0      0      0 I   0.0   0.0   0:00.00 kworker+
    [47] =>      43 root       0 -20       0      0      0 I   0.0   0.0   0:00.00 kworker+
    [48] =>      44 root       0 -20       0      0      0 I   0.0   0.0   0:00.00 kworker+
    [49] =>      45 root     -51   0       0      0      0 S   0.0   0.0   0:00.00 watchdo+
    [50] =>      46 root       0 -20       0      0      0 I   0.0   0.0   0:00.08 kworker+
    [51] =>      48 root      20   0       0      0      0 S   0.0   0.0   0:00.62 kswapd0
    [52] =>      49 root       0 -20       0      0      0 I   0.0   0.0   0:00.00 kworker+
    [53] =>      50 root       0 -20       0      0      0 I   0.0   0.0   0:00.00 kworker+
    [54] =>      51 root       0 -20       0      0      0 I   0.0   0.0   0:00.00 kworker+
    [55] =>      52 root       0 -20       0      0      0 I   0.0   0.0   0:00.00 kworker+
    [56] =>      53 root       0 -20       0      0      0 I   0.0   0.0   0:00.00 kworker+
    [57] =>      54 root       0 -20       0      0      0 I   0.0   0.0   0:00.14 kworker+
    [58] =>      55 root       0 -20       0      0      0 I   0.0   0.0   0:00.00 kworker+
    [59] =>      56 root       0 -20       0      0      0 I   0.0   0.0   0:00.00 kworker+
    [60] =>      57 root       0 -20       0      0      0 I   0.0   0.0   0:00.00 kworker+
    [61] =>      58 root       0 -20       0      0      0 I   0.0   0.0   0:00.00 kworker+
    [62] =>      59 root       0 -20       0      0      0 I   0.0   0.0   0:00.00 kworker+
    [63] =>      60 root       0 -20       0      0      0 I   0.0   0.0   0:00.00 kworker+
    [64] =>      61 root      20   0       0      0      0 S   0.0   0.0   0:00.00 scsi_eh+
    [65] =>      62 root       0 -20       0      0      0 I   0.0   0.0   0:00.00 kworker+
    [66] =>      63 root      20   0       0      0      0 S   0.0   0.0   0:00.00 scsi_eh+
    [67] =>      64 root       0 -20       0      0      0 I   0.0   0.0   0:00.00 kworker+
    [68] =>      68 root       0 -20       0      0      0 I   0.0   0.0   0:00.00 kworker+
    [69] =>      69 root       0 -20       0      0      0 I   0.0   0.0   0:00.00 kworker+
    [70] =>      70 root       0 -20       0      0      0 I   0.0   0.0   0:00.00 kworker+
    [71] =>      71 root      20   0       0      0      0 I   0.0   0.0   0:00.13 kworker+
    [72] =>      76 root       0 -20       0      0      0 I   0.0   0.0   0:00.00 kworker+
    [73] =>     133 root       0 -20       0      0      0 I   0.0   0.0   0:00.00 kworker+
    [74] =>     134 root       0 -20       0      0      0 I   0.0   0.0   0:00.00 kworker+
    [75] =>     278 root       0 -20       0      0      0 I   0.0   0.0   0:00.00 kworker+
    [76] =>     298 root       0 -20       0      0      0 I   0.0   0.0   0:00.00 kworker+
    [77] =>     299 root       0 -20       0      0      0 I   0.0   0.0   0:00.00 kworker+
    [78] =>     300 root       0 -20       0      0      0 I   0.0   0.0   0:00.00 kworker+
    [79] =>     301 root       0 -20       0      0      0 I   0.0   0.0   0:00.00 kworker+
    [80] =>     302 root       0 -20       0      0      0 I   0.0   0.0   0:00.00 kworker+
    [81] =>     303 root       0 -20       0      0      0 I   0.0   0.0   0:00.00 kworker+
    [82] =>     304 root       0 -20       0      0      0 I   0.0   0.0   0:00.00 kworker+
    [83] =>     305 root      20   0       0      0      0 S   0.0   0.0   0:00.31 xfsaild+
    [84] =>     346 root      20   0       0      0      0 I   0.0   0.0   0:00.55 kworker+
    [85] =>     377 root      -2   0       0      0      0 S   0.0   0.0   0:00.00 psimon
    [86] =>     390 root      20   0   66676  18032  17392 S   0.0   1.0   0:00.65 systemd+
    [87] =>     428 root      20   0   33040   9696   7904 S   0.0   0.6   0:00.38 systemd+
    [88] =>     439 root      -2   0       0      0      0 S   0.0   0.0   0:00.00 psimon
    [89] =>     490 dbus      20   0   10776   3820   3660 S   0.0   0.2   0:00.03 dbus-br+
    [90] =>     502 dbus      20   0    5140   2692   2344 S   0.0   0.2   0:00.32 dbus-br+
    [91] =>     504 root      20   0    2536   1424   1424 S   0.0   0.1   0:00.00 acpid
    [92] =>     511 root       0 -20       0      0      0 I   0.0   0.0   0:00.00 kworker+
    [93] =>     512 root       0 -20       0      0      0 I   0.0   0.0   0:00.00 kworker+
    [94] =>     516 root      20   0    2664   1712   1712 S   0.0   0.1   0:00.00 mcelog
    [95] =>     522 root      20   0  162776   5068   4944 S   0.0   0.3   0:02.72 rngd
    [96] =>     531 root      20   0 1007484   8656   7632 S   0.0   0.5   0:01.57 rsyslogd
    [97] =>     546 root      20   0   18012   8148   7764 S   0.0   0.5   0:00.25 systemd+
    [98] =>     590 root      20   0    8640   5080   4240 S   0.0   0.3   0:00.01 pure-ft+
    [99] =>     594 root      20   0    2496   1564   1564 S   0.0   0.1   0:00.06 bt-ipfi+
    [100] =>     596 chrony    20   0   85528   3556   3372 S   0.0   0.2   0:00.02 chronyd
    [101] =>     624 redis     20   0  133660   4432   2500 S   0.0   0.3   0:02.50 redis-s+
    [102] =>     747 root      20   0  319028  20848  10332 S   0.0   1.2   0:00.10 nginx
    [103] =>     811 root      20   0   31364  13416   3924 S   0.0   0.8   0:00.26 python
    [104] =>     896 root      20   0  331436  15880  13320 S   0.0   0.9   0:00.73 Network+
    [105] =>     932 root      20   0 1509804  21912   9464 S   0.0   1.3   0:01.93 contain+
    [106] =>    1040 root      20   0 2449536  53464  26856 S   0.0   3.1   0:02.40 dockerd
    [107] =>    1055 root      20   0   15780   7804   7548 S   0.0   0.4   0:00.04 sshd
    [108] =>    1076 root      20   0    4528   2456   2328 S   0.0   0.1   0:00.00 atd
    [109] =>    1078 root      20   0    8420   2860   2604 S   0.0   0.2   0:00.02 crond
    [110] =>    1081 root      20   0   32016   6740   4608 S   0.0   0.4   0:00.29 tat_age+
    [111] =>    1083 postgres  20   0   21268  12184   9624 S   0.0   0.7   0:00.88 systemd
    [112] =>    1089 postgres  20   0   22904   1908   1852 S   0.0   0.1   0:00.00 (sd-pam)
    [113] =>    1111 root      20   0    7312   3008   3008 S   0.0   0.2   0:00.06 mysqld_+
    [114] =>    1129 root      20   0    2924   1968   1840 S   0.0   0.1   0:00.00 agetty
    [115] =>    1130 root      20   0    5492   1956   1828 S   0.0   0.1   0:00.00 agetty
    [116] =>    1165 root      20   0   86616   4324   3052 S   0.0   0.2   0:00.05 php-fpm
    [117] =>    1170 www       20   0  162252  14916  11076 S   0.0   0.9   0:00.12 php-fpm
    [118] =>    1174 www       20   0  162116  14256  10800 S   0.0   0.8   0:00.01 php-fpm
    [119] =>    1176 root      20   0   68960   5100   3048 S   0.0   0.3   0:00.04 php-fpm
    [120] =>    1179 www       20   0  162388  14800  10960 S   0.0   0.8   0:00.82 php-fpm
    [121] =>    1181 www       20   0   69572   5960   3772 S   0.0   0.3   0:00.00 php-fpm
    [122] =>    1184 www       20   0  162392  14936  11096 S   0.0   0.9   0:00.86 php-fpm
    [123] =>    1185 www       20   0   69572   5796   3736 S   0.0   0.3   0:00.00 php-fpm
    [124] =>    1187 www       20   0  162384  14816  10976 S   0.0   0.8   0:00.80 php-fpm
    [125] =>    1191 root      20   0   65172   4256   3120 S   0.0   0.2   0:00.04 php-fpm
    [126] =>    1193 www       20   0  186468  56828   9340 S   0.0   3.2   0:33.41 php-fpm
    [127] =>    1194 www       20   0   69572   5796   3736 S   0.0   0.3   0:00.00 php-fpm
    [128] =>    1195 www       20   0   69572   5960   3772 S   0.0   0.3   0:00.00 php-fpm
    [129] =>    1197 root      20   0   79452   4864   3328 S   0.0   0.3   0:00.04 php-fpm
    [130] =>    1201 www       20   0  186468  56928   9324 S   0.0   3.3   0:33.10 php-fpm
    [131] =>    1202 www       20   0  186464  56916   9340 S   0.0   3.3   0:33.43 php-fpm
    [132] =>    1208 www       20   0   80116   5936   4260 S   0.0   0.3   0:00.00 php-fpm
    [133] =>    1210 www       20   0  186492  56820   9324 S   0.0   3.2   0:33.17 php-fpm
    [134] =>    1215 root      20   0   83808   5380   2888 S   0.0   0.3   0:00.04 php-fpm
    [135] =>    1216 root      20   0   98256   4716   3016 S   0.0   0.3   0:00.04 php-fpm
    [136] =>    1217 root      20   0   86196   5552   2988 S   0.0   0.3   0:00.05 php-fpm
    [137] =>    1218 www       20   0   69572   5960   3772 S   0.0   0.3   0:00.00 php-fpm
    [138] =>    1220 www       20   0   80116   5876   4248 S   0.0   0.3   0:00.00 php-fpm
    [139] =>    1221 www       20   0   80116   5792   4244 S   0.0   0.3   0:00.00 php-fpm
    [140] =>    1222 www       20   0   80116   5924   4248 S   0.0   0.3   0:00.00 php-fpm
    [141] =>    1223 www       20   0  186468  57816   9340 S   0.0   3.3   0:32.99 php-fpm
    [142] =>    1229 www       20   0   84440   6544   4036 S   0.0   0.4   0:00.00 php-fpm
    [143] =>    1230 www       20   0   84440   6544   4036 S   0.0   0.4   0:00.00 php-fpm
    [144] =>    1234 www       20   0   86824   6776   4076 S   0.0   0.4   0:00.00 php-fpm
    [145] =>    1236 www       20   0   98800   6148   4180 S   0.0   0.4   0:00.00 php-fpm
    [146] =>    1237 www       20   0   98800   6000   4160 S   0.0   0.3   0:00.00 php-fpm
    [147] =>    1245 www       20   0   86824   6808   4108 S   0.0   0.4   0:00.00 php-fpm
    [148] =>    1247 root      20   0   48872   2292   1996 S   0.0   0.1   0:00.00 master
    [149] =>    1252 www       20   0   80116   5808   4260 S   0.0   0.3   0:00.00 php-fpm
    [150] =>    1255 www       20   0   98800   6148   4180 S   0.0   0.4   0:00.00 php-fpm
    [151] =>    1257 www       20   0   84440   6656   4164 S   0.0   0.4   0:00.00 php-fpm
    [152] =>    1260 www       20   0   86824   6788   4088 S   0.0   0.4   0:00.00 php-fpm
    [153] =>    1261 www       20   0   86824   6788   4088 S   0.0   0.4   0:00.00 php-fpm
    [154] =>    1266 www       20   0   98800   6148   4180 S   0.0   0.4   0:00.00 php-fpm
    [155] =>    1268 www       20   0   84440   6672   4164 S   0.0   0.4   0:00.00 php-fpm
    [156] =>    1269 www       20   0   84440   6584   4076 S   0.0   0.4   0:00.00 php-fpm
    [157] =>    1276 postgres  20   0  200704  12116  11604 S   0.0   0.7   0:00.03 postgres
    [158] =>    1277 www       20   0   98800   6148   4180 S   0.0   0.4   0:00.00 php-fpm
    [159] =>    1282 www       20   0   86828   6788   4088 S   0.0   0.4   0:00.00 php-fpm
    [160] =>    1283 postfix   20   0   49344   6624   5856 S   0.0   0.4   0:00.00 pickup
    [161] =>    1284 postfix   20   0   49392   6176   5664 S   0.0   0.4   0:00.00 qmgr
    [162] =>    1306 postgres  20   0   54680   2464   2000 S   0.0   0.1   0:00.00 postgres
    [163] =>    1315 postgres  20   0  200848   5964   5492 S   0.0   0.3   0:00.00 postgres
    [164] =>    1316 postgres  20   0  200840   4144   3672 S   0.0   0.2   0:00.01 postgres
    [165] =>    1324 postgres  20   0  200840   7088   6616 S   0.0   0.4   0:00.01 postgres
    [166] =>    1325 postgres  20   0  202312   5320   4592 S   0.0   0.3   0:00.00 postgres
    [167] =>    1326 postgres  20   0  202296   4936   4208 S   0.0   0.3   0:00.00 postgres
    [168] =>    1370 root      20   0  255292  31904  14644 S   0.0   1.8   0:04.61 BT-Panel
    [169] =>    1558 root      20   0       0      0      0 I   0.0   0.0   0:00.05 kworker+
    [170] =>    2090 www       20   0  186480  58264   9492 S   0.0   3.3   0:33.19 php-fpm
    [171] =>    2345 mysql     20   0 1576848  14888  10940 S   0.0   0.9   0:05.67 mysqld
    [172] =>    2449 root      20   0 1146440  19376  11648 S   0.0   1.1   0:06.12 BT-Task
    [173] =>    2510 root      20   0 1544540   5780   2984 S   0.0   0.3   0:00.17 contain+
    [174] =>    2511 root      20   0 1544796   6004   3240 S   0.0   0.3   0:00.15 contain+
    [175] =>    2578 systemd+  20   0 1209600  11968   1432 S   0.0   0.7   0:00.29 mariadbd
    [176] =>    2592 systemd+  20   0 1553812  15728   6856 S   0.0   0.9   0:09.67 mariadbd
    [177] =>    2741 www       20   0  186480  56940   9340 S   0.0   3.3   0:32.83 php-fpm
    [178] =>    3346 root       0 -20       0      0      0 I   0.0   0.0   0:00.00 kworker+
    [179] =>    3478 www       20   0  186460  56916   9428 S   0.0   3.3   0:32.76 php-fpm
    [180] =>    3872 root      20   0 1312708   8636   6080 S   0.0   0.5   0:00.46 YDLive
    [181] =>    4036 root      20   0   80460   3380   3124 S   0.0   0.2   0:00.23 sgagent
    [182] =>    4069 root      20   0   40160   3548   2464 S   0.0   0.2   0:00.02 barad_a+
    [183] =>    4070 root      20   0   43676   7832   3772 S   0.0   0.4   0:01.33 barad_a+
    [184] =>    4071 root      20   0  630196  14276   5220 S   0.0   0.8   0:15.35 barad_a+
    [185] =>    4958 root      20   0   21284  12340   9780 S   0.0   0.7   0:00.60 systemd
    [186] =>    4959 root      20   0   22796   2776   1832 S   0.0   0.2   0:00.00 (sd-pam)
    [187] =>    4966 root      -2   0       0      0      0 S   0.0   0.0   0:00.00 psimon
    [188] =>    5287 root      20   0 2742824  10068   7776 S   0.0   0.6   0:00.01 php
    [189] =>    5288 root      20   0 2742824   8736   6444 S   0.0   0.5   0:00.00 php
    [190] =>    5289 root      20   0 2742824  11000   8708 S   0.0   0.6   0:00.37 php
    [191] =>    5447 root      20   0 1024824  51912  16656 S   0.0   3.0   0:18.70 YDServi+
    [192] =>    9647 root      20   0       0      0      0 I   0.0   0.0   0:00.17 kworker+
    [193] =>   10128 root      20   0       0      0      0 I   0.0   0.0   0:00.17 kworker+
    [194] =>   14389 root      20   0       0      0      0 I   0.0   0.0   0:00.03 kworker+
    [195] =>   14582 www       20   0  162256  14472  10904 S   0.0   0.8   0:00.43 php-fpm
    [196] =>   17376 www       20   0  350192  21076   8132 S   0.0   1.2   0:00.02 nginx
    [197] =>   17377 www       20   0  365632  25432  10724 S   0.0   1.5   0:02.06 nginx
    [198] =>   17378 www       20   0  315584  11316   4904 S   0.0   0.6   0:00.00 nginx
    [199] =>   17385 root      20   0  561296   5040   3548 S   0.0   0.3   0:00.14 nginx_b+
    [200] =>   18482 root      20   0       0      0      0 I   0.0   0.0   0:00.00 kworker+
    [201] =>   22481 root      20   0       0      0      0 I   0.0   0.0   0:00.09 kworker+
    [202] =>   22604 www       20   0  559860  33200      0 S   0.0   1.9   0:00.35 linuxX8+
    [203] =>   23756 root      20   0       0      0      0 I   0.0   0.0   0:00.01 kworker+
    [204] =>   27016 root      20   0       0      0      0 I   0.0   0.0   0:00.00 kworker+
    [205] =>   27757 root      20   0       0      0      0 I   0.0   0.0   0:00.00 kworker+
    [206] =>   28057 root      20   0   17292  10400   8744 S   0.0   0.6   0:00.06 sshd
    [207] =>   28058 sshd      20   0   16312   7484   6160 S   0.0   0.4   0:00.00 sshd
    [208] =>   28150 root      20   0 2739020  11188   3636 S   0.0   0.6   0:00.00 php-fpm
    [209] =>   28151 www       20   0 2739812 112972 103336 S   0.0   6.5   0:00.36 php-fpm
    [210] =>   28152 www       20   0 2739812  58560  49728 S   0.0   3.3   0:00.03 php-fpm
    [211] =>   28153 www       20   0 2739812  48584  40008 S   0.0   2.8   0:00.03 php-fpm
    [212] =>   28154 www       20   0 2739812  42800  34480 S   0.0   2.4   0:00.02 php-fpm
    [213] =>   28155 www       20   0 2739816  44684  36236 S   0.0   2.6   0:00.02 php-fpm
)
